-- backend/src/main/resources/scripts/seed_full_data.sql

USE biblioteca;

-- Pessoas (100 pessoas - LISTA COMPLETA E CORRIGIDA)
INSERT IGNORE INTO Pessoa (id, nome, complemento, cep, numero) VALUES
('p001', 'Ana Silva', 'Apto 101', '01001-000', 101),
('p002', 'Bruno Costa', 'Casa 5', '02002-000', 5),
('p003', 'Carla Dias', NULL, '03003-000', 12),
('p004', 'Daniel Pereira', 'Bloco A, Apto 203', '04004-000', 203),
('p005', 'Eduarda Souza', 'Sala 15', '05005-000', 15),
('p006', 'Felipe Santos', 'Terrea', '06006-000', 1),
('p007', 'Gabriela Lima', 'Apto 302', '07007-000', 302),
('p008', 'Hugo Almeida', 'Casa 2', '08008-000', 2),
('p009', 'Isabela Rocha', 'Cobertura', '09009-000', 1),
('p010', 'João Martins', 'Apto 401', '10010-000', 401),
('p011', 'Kelly Fernandes', 'Casa 7', '11011-000', 7),
('p012', 'Luiza Barbosa', 'Sala 20', '12012-000', 20),
('p013', 'Marcos Ribeiro', 'Apto 505', '13013-000', 505),
('p014', 'Nadia Gomes', 'Casa 9', '14014-000', 9),
('p015', 'Otavio Costa', 'Bloco B, Apto 10', '15015-000', 10),
('p016', 'Paula Dias', 'Apto 601', '16016-000', 601),
('p017', 'Quiteria Silva', 'Casa 11', '17017-000', 11),
('p018', 'Rafael Pires', 'Sala 25', '18018-000', 25),
('p019', 'Sofia Medeiros', 'Apto 702', '19019-000', 702),
('p020', 'Thiago Viana', 'Casa 13', '20020-000', 13),
('p021', 'Úrsula Rocha', 'Bloco C, Apto 33', '21021-000', 33),
('p022', 'Vitor Leite', 'Apto 801', '22022-000', 801),
('p023', 'Xenia Nogueira', 'Casa 15', '23023-000', 15),
('p024', 'Yago Barros', 'Sala 30', '24024-000', 30),
('p025', 'Zara Oliveira', 'Apto 909', '25025-000', 909),
('p026', 'Arthur Mendes', 'Casa 17', '26026-000', 17),
('p027', 'Beatriz Ferreira', 'Bloco D, Apto 404', '27027-000', 404),
('p028', 'Caique Santos', 'Apto 1001', '28028-000', 1001),
('p029', 'Diana Castro', 'Casa 19', '29029-000', 19),
('p030', 'Enzo Correia', 'Sala 35', '30030-000', 35),
('p031', 'Fernanda Soares', 'Apto 1102', '31031-000', 1102),
('p032', 'Gustavo Nunes', 'Casa 21', '32032-000', 21),
('p033', 'Helena Borges', 'Bloco E, Apto 501', '33033-000', 501),
('p034', 'Igor Miranda', 'Apto 1205', '34034-000', 1205),
('p035', 'Julia Lima', 'Casa 23', '35035-000', 23),
('p036', 'Kevin Rocha', 'Sala 40', '36036-000', 40),
('p037', 'Larissa Vieira', 'Apto 1301', '37037-000', 1301),
('p038', 'Marcelo Gomes', 'Casa 25', '38038-000', 25),
('p039', 'Nina Costa', 'Bloco F, Apto 602', '39039-000', 602),
('p040', 'Oscar Pires', 'Apto 1403', '40040-000', 1403),
('p041', 'Pietra Melo', 'Casa 27', '41041-000', 27),
('p042', 'Querino Barbosa', 'Sala 45', '42042-000', 45),
('p043', 'Rebeca Dias', 'Apto 1501', '43043-000', 1501),
('p044', 'Sergio Faria', 'Casa 29', '44044-000', 29),
('p045', 'Tatiana Borges', 'Bloco G, Apto 707', '45045-000', 707),
('p046', 'Ulisses Lima', 'Apto 1602', '46046-000', 1602),
('p047', 'Vivian Sales', 'Casa 31', '47047-000', 31),
('p048', 'Wallace Martins', 'Sala 50', '48048-000', 50),
('p049', 'Yasmin Nunes', 'Apto 1701', '49049-000', 1701),
('p050', 'Zoe Mendes', 'Casa 33', '50050-000', 33),
('p051', 'Alexandre Alves', 'Apto 1801', '51051-000', 1801),
('p052', 'Bruna Correia', 'Casa 35', '52052-000', 35),
('p053', 'Cauã Santos', 'Sala 55', '53053-000', 55),
('p054', 'Debora Castro', 'Apto 1902', '54054-000', 1902),
('p055', 'Elias Diniz', 'Casa 37', '55055-000', 37),
('p056', 'Fabiana Guedes', 'Bloco H, Apto 801', '56056-000', 801),
('p057', 'Guilherme Silva', 'Apto 2001', '57057-000', 2001),
('p058', 'Heloisa Dias', 'Casa 39', '58058-000', 39),
('p059', 'Ian Fernandes', 'Sala 60', '59059-000', 60),
('p060', 'Janaína Oliveira', 'Apto 2101', '60060-000', 2101),
('p061', 'Klaus Pereira', 'Casa 41', '61061-000', 41),
('p062', 'Lorena Soares', 'Bloco I, Apto 903', '62062-000', 903),
('p063', 'Miguel Lima', 'Apto 2202', '63063-000', 2202),
('p064', 'Nicole Mendes', 'Casa 43', '64064-000', 43),
('p065', 'Orlando Nogueira', 'Sala 65', '65065-000', 65),
('p066', 'Patrícia Rocha', 'Apto 2301', '66066-000', 2301),
('p067', 'Queiroz Almeida', 'Casa 45', '67067-000', 45),
('p068', 'Rafaela Azevedo', 'Bloco J, Apto 1001', '68068-000', 1001),
('p069', 'Sebastião Teixeira', 'Apto 2402', '69069-000', 2402),
('p070', 'Teresa Pires', 'Casa 47', '70070-000', 47),
('p071', 'Ubiratan Santos', 'Sala 70', '71071-000', 70),
('p072', 'Valeria Silva', 'Apto 2501', '72072-000', 2501),
('p073', 'Wellington Cardoso', 'Casa 49', '73073-000', 49),
('p074', 'Xavier Costa', 'Bloco K, Apto 1105', '74074-000', 1105),
('p075', 'Yara Lins', 'Apto 2603', '75075-000', 2603),
('p076', 'Zeca Brito', 'Casa 51', '76076-000', 51),
('p077', 'Amanda Paes', 'Sala 75', '77077-000', 75),
('p078', 'Bernardo Castro', 'Apto 2701', '78078-000', 2701),
('p079', 'Camila Almeida', 'Casa 53', '79079-000', 53),
('p080', 'Diogo Gomes', 'Bloco L, Apto 1201', '80080-000', 1201),
('p081', 'Elisa Rocha', 'Apto 2802', '81081-000', 2802),
('p082', 'Fabio Nunes', 'Casa 55', '82082-000', 55),
('p083', 'Giovana Lima', 'Sala 80', '83083-000', 80),
('p084', 'Heitor Vieira', 'Apto 2901', '84084-000', 2901),
('p085', 'Isis Ribeiro', 'Casa 57', '85085-000', 57),
('p086', 'Jonathan Silva', 'Bloco M, Apto 1302', '86086-000', 1302),
('p087', 'Karen Santos', 'Apto 3001', '87087-000', 3001),
('p088', 'Leonardo Pires', 'Casa 59', '88088-000', 59),
('p089', 'Manoela Costa', 'Sala 85', '89089-000', 85),
('p090', 'Natália Dias', 'Apto 3101', '90090-000', 3101),
('p091', 'Pedro Almeida', 'Casa 61', '91091-000', 61),
('p092', 'Quésia Fernandes', 'Bloco N, Apto 1404', '92092-000', 1404),
('p093', 'Renan Soares', 'Apto 3202', '93093-000', 3202),
('p094', 'Sabrina Teixeira', 'Casa 63', '94094-000', 63),
('p095', 'Tales Guedes', 'Sala 90', '95095-000', 90),
('p096', 'Viviane Lima', 'Apto 3301', '96096-000', 3301),
('p097', 'Willian Martins', 'Casa 65', '97097-000', 65),
('p098', 'Xavier Paes', 'Bloco O, Apto 1501', '98098-000', 1501),
('p099', 'Yuri Barros', 'Apto 3401', '99099-000', 3401),
('p100', 'Zilda Diniz', 'Casa 67', '10010-000', 67);

-- Clientes (80 Clientes)
INSERT IGNORE INTO Cliente (id, historico, fk_Pessoa_id) VALUES
('c001', 'Assíduo, sem atrasos', 'p001'),
('c002', 'Atrasou 1 vez no passado', 'p002'),
('c003', 'Novo registro', 'p003'),
('c004', 'Cliente VIP', 'p004'),
('c005', 'Muitos empréstimos ativos', 'p005'),
('c006', 'Frequente', 'p006'),
('c007', 'Ocasional', 'p007'),
('c008', 'Novo', 'p008'),
('c009', 'Assíduo', 'p009'),
('c010', 'Cliente regular', 'p010'),
('c011', 'Frequente', 'p011'),
('c012', 'Ocasional', 'p012'),
('c013', 'Novo', 'p013'),
('c014', 'Assíduo', 'p014'),
('c015', 'Cliente regular', 'p015'),
('c016', 'Frequente', 'p016'),
('c017', 'Ocasional', 'p017'),
('c018', 'Novo', 'p018'),
('c019', 'Assíduo', 'p019'),
('c020', 'Cliente regular', 'p020'),
('c021', 'Frequente', 'p021'),
('c022', 'Ocasional', 'p022'),
('c023', 'Novo', 'p023'),
('c024', 'Assíduo', 'p024'),
('c025', 'Cliente regular', 'p025'),
('c026', 'Frequente', 'p026'),
('c027', 'Ocasional', 'p027'),
('c028', 'Novo', 'p028'),
('c029', 'Assíduo', 'p029'),
('c030', 'Cliente regular', 'p030'),
('c031', 'Frequente', 'p031'),
('c032', 'Ocasional', 'p032'),
('c033', 'Novo', 'p033'),
('c034', 'Assíduo', 'p034'),
('c035', 'Cliente regular', 'p035'),
('c036', 'Frequente', 'p036'),
('c037', 'Ocasional', 'p037'),
('c038', 'Novo', 'p038'),
('c039', 'Assíduo', 'p039'),
('c040', 'Cliente regular', 'p040'),
('c041', 'Frequente', 'p041'),
('c042', 'Ocasional', 'p042'),
('c043', 'Novo', 'p043'),
('c044', 'Assíduo', 'p044'),
('c045', 'Cliente regular', 'p045'),
('c046', 'Frequente', 'p046'),
('c047', 'Ocasional', 'p047'),
('c048', 'Novo', 'p048'),
('c049', 'Assíduo', 'p049'),
('c050', 'Cliente regular', 'p050'),
('c051', 'Frequente', 'p051'),
('c052', 'Ocasional', 'p052'),
('c053', 'Novo', 'p053'),
('c054', 'Assíduo', 'p054'),
('c055', 'Cliente regular', 'p055'),
('c056', 'Frequente', 'p056'),
('c057', 'Ocasional', 'p057'),
('c058', 'Novo', 'p058'),
('c059', 'Assíduo', 'p059'),
('c060', 'Cliente regular', 'p060'),
('c061', 'Frequente', 'p061'),
('c062', 'Ocasional', 'p062'),
('c063', 'Novo', 'p063'),
('c064', 'Assíduo', 'p064'),
('c065', 'Cliente regular', 'p065'),
('c066', 'Frequente', 'p066'),
('c067', 'Ocasional', 'p067'),
('c068', 'Novo', 'p068'),
('c069', 'Assíduo', 'p069'),
('c070', 'Cliente regular', 'p070'),
('c071', 'Frequente', 'p071'),
('c072', 'Ocasional', 'p072'),
('c073', 'Novo', 'p073'),
('c074', 'Assíduo', 'p074'),
('c075', 'Cliente regular', 'p075'),
('c076', 'Frequente', 'p076'),
('c077', 'Ocasional', 'p077'),
('c078', 'Novo', 'p078'),
('c079', 'Assíduo', 'p079'),
('c080', 'Cliente regular', 'p080');

-- Funcionários (20 Funcionários)
INSERT IGNORE INTO Funcionario (id, fk_Pessoa_id) VALUES
('f01', 'p081'),
('f02', 'p082'),
('f03', 'p083'),
('f04', 'p084'),
('f05', 'p085'),
('f06', 'p086'),
('f07', 'p087'),
('f08', 'p088'),
('f09', 'p089'),
('f10', 'p090'),
('f11', 'p091'),
('f12', 'p092'),
('f13', 'p093'),
('f14', 'p094'),
('f15', 'p095'),
('f16', 'p096'),
('f17', 'p097'),
('f18', 'p098'),
('f19', 'p099'),
('f20', 'p100');

-- Editoras (10 Editoras)
INSERT IGNORE INTO Editora (id, nome) VALUES
('eda01', 'Editora Sol'),
('eda02', 'Editora Lua'),
('eda03', 'Editora Estrela'),
('eda04', 'Editora Aurora'),
('eda05', 'Editora Cosmos'),
('eda06', 'Editora Galaxia'),
('eda07', 'Editora Universo'),
('eda08', 'Editora Planeta'),
('eda09', 'Editora Cometa'),
('eda10', 'Editora Nebulosa');

-- Autores (20 Autores)
INSERT IGNORE INTO Autor (id, nome) VALUES
('aut01', 'Clarice Lispector'),
('aut02', 'Machado de Assis'),
('aut03', 'Jorge Amado'),
('aut04', 'Fernando Pessoa'),
('aut05', 'Carlos Drummond de Andrade'),
('aut06', 'Cecília Meireles'),
('aut07', 'Rubem Braga'),
('aut08', 'Érico Veríssimo'),
('aut09', 'Graciliano Ramos'),
('aut10', 'Manuel Bandeira'),
('aut11', 'Lygia Fagundes Telles'),
('aut12', 'João Guimarães Rosa'),
('aut13', 'Nelson Rodrigues'),
('aut14', 'José Saramago'),
('aut15', 'Gabriel Garcia Marquez'),
('aut16', 'Virginia Woolf'),
('aut17', 'George Orwell'),
('aut18', 'Jane Austen'),
('aut19', 'Fiódor Dostoiévski'),
('aut20', 'William Shakespeare');

-- Gêneros (10 Gêneros)
INSERT IGNORE INTO Genero (nome) VALUES
('Romance'),
('Ficção Científica'),
('Fantasia'),
('Terror'),
('Biografia'),
('Drama'),
('Poesia'),
('História'),
('Suspense'),
('Aventura');

-- Obras (150 Obras)
INSERT IGNORE INTO Obra (cod_barras, titulo, ano_lanc) VALUES
('obra001', 'Dom Casmurro', '1899-01-01'),
('obra002', 'Memórias Póstumas de Brás Cubas', '1881-01-01'),
('obra003', 'Quincas Borba', '1891-01-01'),
('obra004', 'A Hora da Estrela', '1977-01-01'),
('obra005', 'Laços de Família', '1960-01-01'),
('obra006', 'O Cortiço', '1890-01-01'),
('obra007', 'Capitães da Areia', '1937-01-01'),
('obra008', 'Vidas Secas', '1938-01-01'),
('obra009', 'Grande Sertão: Veredas', '1956-01-01'),
('obra010', 'O Auto da Compadecida', '1955-01-01'),
('obra011', '1984', '1949-06-08'),
('obra012', 'Admirável Mundo Novo', '1932-01-01'),
('obra013', 'O Senhor dos Anéis', '1954-07-29'),
('obra014', 'O Hobbit', '1937-09-21'),
('obra015', 'O Iluminado', '1977-01-28'),
('obra016', 'Frankenstein', '1818-01-01'),
('obra017', 'A Metamorfose', '1915-01-01'),
('obra018', 'O Pequeno Príncipe', '1943-04-06'),
('obra019', 'Cem Anos de Solidão', '1967-01-01'),
('obra020', 'Orgulho e Preconceito', '1813-01-28'),
('obra021', 'Crime e Castigo', '1866-01-01'),
('obra022', 'Hamlet', '1603-01-01'),
('obra023', 'Romeu e Julieta', '1597-01-01'),
('obra024', 'Um Defeito de Cor', '2006-01-01'),
('obra025', 'O Alquimista', '1988-01-01'),
('obra026', 'A Culpa é das Estrelas', '2012-01-01'),
('obra027', 'O Diário de Anne Frank', '1947-01-01'),
('obra028', 'Sapiens: Uma Breve História da Humanidade', '2011-01-01'),
('obra029', 'A Revolução dos Bichos', '1945-01-01'),
('obra030', 'O Caçador de Pipas', '2003-01-01'),
('obra031', 'A Menina Que Roubava Livros', '2005-01-01'),
('obra032', 'O Código Da Vinci', '2003-01-01'),
('obra033', 'Crepúsculo', '2005-01-01'),
('obra034', 'Harry Potter e a Pedra Filosofal', '1997-06-26'),
('obra035', 'O Grande Gatsby', '1925-04-10'),
('obra036', 'O Sol é Para Todos', '1960-07-11'),
('obra037', 'A Odisséia', ' -800-01-01'),
('obra038', 'A Divina Comédia', '1320-01-01'),
('obra039', 'Don Quixote', '1605-01-01'),
('obra040', 'Guerra e Paz', '1869-01-01'),
('obra041', 'Crime no Expresso do Oriente', '1934-01-01'),
('obra042', 'E Não Sobrou Nenhum', '1939-01-01'),
('obra043', 'O Retrato de Dorian Gray', '1890-01-01'),
('obra044', 'Drácula', '1897-01-01'),
('obra045', '1001 Noites', ' -800-01-01'),
('obra046', 'A Arte da Guerra', ' -500-01-01'),
('obra047', 'As Viagens de Gulliver', '1726-01-01'),
('obra048', 'Alice no País das Maravilhas', '1865-01-01'),
('obra049', 'Contos de Fadas dos Irmãos Grimm', '1812-01-01'),
('obra050', 'As Aventuras de Sherlock Holmes', '1892-01-01'),
('obra051', 'O Gato Preto', '1843-01-01'),
('obra052', 'A Queda da Casa de Usher', '1839-01-01'),
('obra053', 'O Corvo', '1845-01-01'),
('obra054', 'As Mil e Uma Noites', '850-01-01'),
('obra055', 'Moby Dick', '1851-01-01'),
('obra056', 'Viagem ao Centro da Terra', '1864-01-01'),
('obra057', '20.000 Léguas Submarinas', '1870-01-01'),
('obra058', 'A Volta ao Mundo em 80 Dias', '1873-01-01'),
('obra059', 'A Máquina do Tempo', '1895-01-01'),
('obra060', 'A Ilha do Tesouro', '1883-01-01'),
('obra061', 'O Chamado da Floresta', '1903-01-01'),
('obra062', 'Tarzan dos Macacos', '1912-01-01'),
('obra063', 'O Último dos Moicanos', '1826-01-01'),
('obra064', 'Robinson Crusoé', '1719-01-01'),
('obra065', 'Orgulho e Preconceito', '1813-01-01'),
('obra066', 'Razão e Sensibilidade', '1811-01-01'),
('obra067', 'Emma', '1815-01-01'),
('obra068', 'Persuasão', '1817-01-01'),
('obra069', 'Mansfield Park', '1814-01-01'),
('obra070', 'Lady Susan', '1871-01-01'),
('obra071', 'Os Sofrimentos do Jovem Werther', '1774-01-01'),
('obra072', 'Fausto', '1808-01-01'),
('obra073', 'O Príncipe', '1532-01-01'),
('obra074', 'Assim Falou Zaratustra', '1883-01-01'),
('obra075', 'O Mundo de Sofia', '1991-01-01'),
('obra076', 'O Nome da Rosa', '1980-01-01'),
('obra077', 'O Poder do Hábito', '2012-01-01'),
('obra078', 'A Lógica do Cisne Negro', '2007-01-01'),
('obra079', 'Rápido e Devagar: Duas Formas de Pensar', '2011-01-01'),
('obra080', 'Freakonomics', '2005-01-01'),
('obra081', 'Outliers', '2008-01-01'),
('obra082', 'O Andar do Bêbado', '2008-01-01'),
('obra083', 'Armas da Persuasão', '1984-01-01'),
('obra084', 'Pensar Bem Faz Bem', '2014-01-01'),
('obra085', 'O Guia do Mochileiro das Galáxias', '1979-01-01'),
('obra086', 'Duna', '1965-01-01'),
('obra087', 'Neuromancer', '1984-01-01'),
('obra088', 'Snow Crash', '1992-01-01'),
('obra089', 'O Jogo do Exterminador', '1985-01-01'),
('obra090', 'Blade Runner', '1968-01-01'),
('obra091', 'Fundação', '1951-01-01'),
('obra092', 'Fahrenheit 451', '1953-01-01'),
('obra093', 'As Cavernas de Aço', '1954-01-01'),
('obra094', 'O Homem do Castelo Alto', '1962-01-01'),
('obra095', 'Eu, Robô', '1950-01-01'),
('obra096', 'Viagem Fantástica', '1966-01-01'),
('obra097', 'A Cidade e as Estrelas', '1956-01-01'),
('obra098', 'Encontro com Rama', '1973-01-01'),
('obra099', '2001: Uma Odisseia no Espaço', '1968-01-01'),
('obra100', 'A Guerra dos Mundos', '1898-01-01'),
('obra101', 'O Planeta dos Macacos', '1963-01-01'),
('obra102', 'Laranja Mecânica', '1962-01-01'),
('obra103', 'Filhos da Morte', '2007-01-01'),
('obra104', 'O Perfume', '1985-01-01'),
('obra105', 'Entrevista com o Vampiro', '1976-01-01'),
('obra106', 'A Maldição da Residência Hill', '1959-01-01'),
('obra107', 'O Exorcista', '1971-01-01'),
('obra108', 'It - A Coisa', '1986-01-01'),
('obra109', 'Cujo', '1981-01-01'),
('obra110', 'Cemitério Maldito', '1983-01-01'),
('obra111', 'A Casa dos Espíritos', '1982-01-01'),
('obra112', 'Como Água Para Chocolate', '1989-01-01'),
('obra113', 'A Cor Púrpura', '1982-01-01'),
('obra114', 'O Velho e o Mar', '1952-01-01'),
('obra115', 'O Pequeno Príncipe', '1943-04-06'),
('obra116', 'Fernão Capelo Gaivota', '1970-01-01'),
('obra117', 'O Retrato de Dorian Gray', '1890-01-01'),
('obra118', 'O Morro dos Ventos Uivantes', '1847-01-01'),
('obra119', 'Jane Eyre', '1847-01-01'),
('obra120', 'O Médico e o Monstro', '1886-01-01'),
('obra121', 'A Queda da Casa de Usher', '1839-01-01'),
('obra122', 'O Gato Preto', '1843-01-01'),
('obra123', 'O Corvo', '1845-01-01'),
('obra124', 'A Carta Roubada', '1844-01-01'),
('obra125', 'O Demônio no Campanário', '1839-01-01'),
('obra126', 'Assassinatos na Rua Morgue', '1841-01-01'),
('obra127', 'O Poço e o Pêndulo', '1842-01-01'),
('obra128', 'O Barril de Amontillado', '1846-01-01'),
('obra129', 'A Máscara da Morte Rubra', '1842-01-01'),
('obra130', 'O Coração Delator', '1843-01-01'),
('obra131', 'O Escaravelho de Ouro', '1843-01-01'),
('obra132', 'O Misterioso Assassinato de Marie Rogêt', '1842-01-01'),
('obra133', 'A Dama de Espadas', '1834-01-01'),
('obra134', 'A Dama das Camélias', '1848-01-01'),
('obra135', 'Os Miseráveis', '1862-01-01'),
('obra136', 'O Conde de Monte Cristo', '1844-01-01'),
('obra137', 'Os Três Mosqueteiros', '1844-01-01'),
('obra138', 'Vinte Mil Léguas Submarinas', '1870-01-01'),
('obra139', 'A Ilha Misteriosa', '1874-01-01'),
('obra140', 'A Volta ao Mundo em Oitenta Dias', '1873-01-01'),
('obra141', 'Da Terra à Lua', '1865-01-01'),
('obra142', 'Cinco Semanas em um Balão', '1863-01-01'),
('obra143', 'Um Capitão de Quinze Anos', '1878-01-01'),
('obra144', 'Miguel Strogoff', '1876-01-01'),
('obra145', 'As Cidades Invisíveis', '1972-01-01'),
('obra146', 'O Nome da Rosa', '1980-01-01'),
('obra147', 'O Pêndulo de Foucault', '1988-01-01'),
('obra148', 'O Cemitério de Praga', '2010-01-01'),
('obra149', 'Número Zero', '2015-01-01'),
('obra150', 'A Ilha do Dia Anterior', '1994-01-01');

-- Vinculando Gênero a Obra (tabela Pertence)
INSERT IGNORE INTO Pertence (fk_Genero_nome, fk_Obra_cod_barras) VALUES
('Romance', 'obra001'), ('Romance', 'obra002'), ('Romance', 'obra003'), ('Drama', 'obra004'),
('Drama', 'obra005'), ('Drama', 'obra006'), ('Aventura', 'obra007'), ('Drama', 'obra008'),
('Romance', 'obra009'), ('Drama', 'obra010'), ('Ficção Científica', 'obra011'),
('Ficção Científica', 'obra012'), ('Fantasia', 'obra013'), ('Fantasia', 'obra014'),
('Terror', 'obra015'), ('Terror', 'obra016'), ('Drama', 'obra017'), ('Fantasia', 'obra018'),
('Romance', 'obra019'), ('Romance', 'obra020'), ('Drama', 'obra021'), ('Drama', 'obra022'),
('Drama', 'obra023'), ('História', 'obra024'), ('Aventura', 'obra025'), ('Drama', 'obra026'),
('Biografia', 'obra027'), ('História', 'obra028'), ('Ficção Científica', 'obra029'),
('Drama', 'obra030'), ('Drama', 'obra031'), ('Suspense', 'obra032'), ('Romance', 'obra033'),
('Fantasia', 'obra034'), ('Romance', 'obra035'), ('Drama', 'obra036'), ('História', 'obra037'),
('Fantasia', 'obra038'), ('Aventura', 'obra039'), ('História', 'obra040'), ('Suspense', 'obra041'),
('Suspense', 'obra042'), ('Drama', 'obra043'), ('Terror', 'obra044'), ('Aventura', 'obra045'),
('História', 'obra046'), ('Aventura', 'obra047'), ('Fantasia', 'obra048'), ('Fantasia', 'obra049'),
('Suspense', 'obra050'), ('Terror', 'obra051'), ('Terror', 'obra052'), ('Poesia', 'obra053'),
('Aventura', 'obra054'), ('Aventura', 'obra055'), ('Ficção Científica', 'obra056'),
('Ficção Científica', 'obra057'), ('Aventura', 'obra058'), ('Ficção Científica', 'obra059'),
('Aventura', 'obra060'), ('Aventura', 'obra061'), ('Aventura', 'obra062'), ('Aventura', 'obra063'),
('Aventura', 'obra064'), ('Romance', 'obra065'), ('Romance', 'obra066'), ('Romance', 'obra067'),
('Romance', 'obra068'), ('Romance', 'obra069'), ('Romance', 'obra070'), ('Drama', 'obra071'),
('Drama', 'obra072'), ('História', 'obra073'), ('Filosofia', 'obra074'), ('Filosofia', 'obra075'),
('Suspense', 'obra076'), ('Não-Ficção', 'obra077'), ('Não-Ficção', 'obra078'), ('Não-Ficção', 'obra079'),
('Não-Ficção', 'obra080'), ('Não-Ficção', 'obra081'), ('Não-Ficção', 'obra082'), ('Não-Ficção', 'obra083'),
('Não-Ficção', 'obra084'), ('Ficção Científica', 'obra085'), ('Ficção Científica', 'obra086'),
('Ficção Científica', 'obra087'), ('Ficção Científica', 'obra088'), ('Ficção Científica', 'obra089'),
('Ficção Científica', 'obra090'), ('Ficção Científica', 'obra091'), ('Ficção Científica', 'obra092'),
('Ficção Científica', 'obra093'), ('Ficção Científica', 'obra094'), ('Ficção Científica', 'obra095'),
('Ficção Científica', 'obra096'), ('Ficção Científica', 'obra097'), ('Ficção Científica', 'obra098'),
('Ficção Científica', 'obra099'), ('Ficção Científica', 'obra100'), ('Ficção Científica', 'obra101'),
('Ficção Científica', 'obra102'), ('Terror', 'obra103'), ('Terror', 'obra104'), ('Terror', 'obra105'),
('Terror', 'obra106'), ('Terror', 'obra107'), ('Terror', 'obra108'), ('Terror', 'obra109'),
('Terror', 'obra110'), ('Romance', 'obra111'), ('Romance', 'obra112'), ('Drama', 'obra113'),
('Drama', 'obra114'), ('Fantasia', 'obra115'), ('Drama', 'obra116'), ('Drama', 'obra117'),
('Drama', 'obra118'), ('Drama', 'obra119'), ('Terror', 'obra120'), ('Terror', 'obra121'),
('Terror', 'obra122'), ('Poesia', 'obra123'), ('Suspense', 'obra124'), ('Terror', 'obra125'),
('Suspense', 'obra126'), ('Terror', 'obra127'), ('Terror', 'obra128'), ('Terror', 'obra129'),
('Terror', 'obra130'), ('Suspense', 'obra131'), ('Suspense', 'obra132'), ('Drama', 'obra133'),
('Drama', 'obra134'), ('Drama', 'obra135'), ('Aventura', 'obra136'), ('Aventura', 'obra137'),
('Aventura', 'obra138'), ('Aventura', 'obra139'), ('Aventura', 'obra140'), ('Aventura', 'obra141'),
('Aventura', 'obra142'), ('Aventura', 'obra143'), ('Aventura', 'obra144'), ('Romance', 'obra145'),
('Suspense', 'obra146'), ('Suspense', 'obra147'), ('História', 'obra148'), ('Suspense', 'obra149'),
('História', 'obra150');

-- Livros (Todos as Obras são Livros para simplificar)
INSERT IGNORE INTO Livro (fk_Obra_cod_barras) VALUES
('obra001'), ('obra002'), ('obra003'), ('obra004'), ('obra005'), ('obra006'), ('obra007'), ('obra008'), ('obra009'), ('obra010'),
('obra011'), ('obra012'), ('obra013'), ('obra014'), ('obra015'), ('obra016'), ('obra017'), ('obra018'), ('obra019'), ('obra020'),
('obra021'), ('obra022'), ('obra023'), ('obra024'), ('obra025'), ('obra026'), ('obra027'), ('obra028'), ('obra029'), ('obra030'),
('obra031'), ('obra032'), ('obra033'), ('obra034'), ('obra035'), ('obra036'), ('obra037'), ('obra038'), ('obra039'), ('obra040'),
('obra041'), ('obra042'), ('obra043'), ('obra044'), ('obra045'), ('obra046'), ('obra047'), ('obra048'), ('obra049'), ('obra050'),
('obra051'), ('obra052'), ('obra053'), ('obra054'), ('obra055'), ('obra056'), ('obra057'), ('obra058'), ('obra059'), ('obra060'),
('obra061'), ('obra062'), ('obra063'), ('obra064'), ('obra065'), ('obra066'), ('obra067'), ('obra068'), ('obra069'), ('obra070'),
('obra071'), ('obra072'), ('obra073'), ('obra074'), ('obra075'), ('obra076'), ('obra077'), ('obra078'), ('obra079'), ('obra080'),
('obra081'), ('obra082'), ('obra083'), ('obra084'), ('obra085'), ('obra086'), ('obra087'), ('obra088'), ('obra089'), ('obra090'),
('obra091'), ('obra092'), ('obra093'), ('obra094'), ('obra095'), ('obra096'), ('obra097'), ('obra098'), ('obra099'), ('obra100'),
('obra101'), ('obra102'), ('obra103'), ('obra104'), ('obra105'), ('obra106'), ('obra107'), ('obra108'), ('obra109'), ('obra110'),
('obra111'), ('obra112'), ('obra113'), ('obra114'), ('obra115'), ('obra116'), ('obra117'), ('obra118'), ('obra119'), ('obra120'),
('obra121'), ('obra122'), ('obra123'), ('obra124'), ('obra125'), ('obra126'), ('obra127'), ('obra128'), ('obra129'), ('obra130'),
('obra131'), ('obra132'), ('obra133'), ('obra134'), ('obra135'), ('obra136'), ('obra137'), ('obra138'), ('obra139'), ('obra140'),
('obra141'), ('obra142'), ('obra143'), ('obra144'), ('obra145'), ('obra146'), ('obra147'), ('obra148'), ('obra149'), ('obra150');

-- Artigos (20 Artigos)
INSERT IGNORE INTO Artigo (id, fk_Obra_cod_barras) VALUES
('art01', 'obra001'), ('art02', 'obra004'), ('art03', 'obra011'), ('art04', 'obra017'), ('art05', 'obra020'),
('art06', 'obra028'), ('art07', 'obra035'), ('art08', 'obra040'), ('art09', 'obra050'), ('art10', 'obra060'),
('art11', 'obra070'), ('art12', 'obra080'), ('art13', 'obra090'), ('art14', 'obra100'), ('art15', 'obra110'),
('art16', 'obra120'), ('art17', 'obra130'), ('art18', 'obra140'), ('art19', 'obra145'), ('art20', 'obra150');

-- Edições (300 Edições)
INSERT IGNORE INTO Edicao (id, livro_cod_barras, nome) VALUES
('edi001', 'obra001', 1), ('edi002', 'obra001', 2), ('edi003', 'obra002', 1), ('edi004', 'obra003', 1),
('edi005', 'obra004', 1), ('edi006', 'obra005', 1), ('edi007', 'obra006', 1), ('edi008', 'obra007', 1),
('edi009', 'obra008', 1), ('edi010', 'obra009', 1), ('edi011', 'obra010', 1), ('edi012', 'obra011', 1),
('edi013', 'obra012', 1), ('edi014', 'obra013', 1), ('edi015', 'obra014', 1), ('edi016', 'obra015', 1),
('edi017', 'obra016', 1), ('edi018', 'obra017', 1), ('edi019', 'obra018', 1), ('edi020', 'obra019', 1),
('edi021', 'obra020', 1), ('edi022', 'obra021', 1), ('edi023', 'obra022', 1), ('edi024', 'obra023', 1),
('edi025', 'obra024', 1), ('edi026', 'obra025', 1), ('edi027', 'obra026', 1), ('edi028', 'obra027', 1),
('edi029', 'obra028', 1), ('edi030', 'obra029', 1), ('edi031', 'obra030', 1), ('edi032', 'obra031', 1),
('edi033', 'obra032', 1), ('edi034', 'obra033', 1), ('edi035', 'obra034', 1), ('edi036', 'obra035', 1),
('edi037', 'obra036', 1), ('edi038', 'obra037', 1), ('edi039', 'obra038', 1), ('edi040', 'obra039', 1),
('edi041', 'obra040', 1), ('edi042', 'obra041', 1), ('edi043', 'obra042', 1), ('edi044', 'obra043', 1),
('edi045', 'obra044', 1), ('edi046', 'obra045', 1), ('edi047', 'obra046', 1), ('edi048', 'obra047', 1),
('edi049', 'obra048', 1), ('edi050', 'obra049', 1), ('edi051', 'obra050', 1), ('edi052', 'obra051', 1),
('edi053', 'obra052', 1), ('edi054', 'obra053', 1), ('edi055', 'obra054', 1), ('edi056', 'obra055', 1),
('edi057', 'obra056', 1), ('edi058', 'obra057', 1), ('edi059', 'obra058', 1), ('edi060', 'obra059', 1),
('edi061', 'obra060', 1), ('edi062', 'obra061', 1), ('edi063', 'obra062', 1), ('edi064', 'obra063', 1),
('edi065', 'obra064', 1), ('edi066', 'obra065', 1), ('edi067', 'obra066', 1), ('edi068', 'obra067', 1),
('edi069', 'obra068', 1), ('edi070', 'obra069', 1), ('edi071', 'obra070', 1), ('edi072', 'obra071', 1),
('edi073', 'obra072', 1), ('edi074', 'obra073', 1), ('edi075', 'obra074', 1), ('edi076', 'obra075', 1),
('edi077', 'obra076', 1), ('edi078', 'obra077', 1), ('edi079', 'obra078', 1), ('edi080', 'obra079', 1),
('edi081', 'obra080', 1), ('edi082', 'obra081', 1), ('edi083', 'obra082', 1), ('edi084', 'obra083', 1),
('edi085', 'obra084', 1), ('edi086', 'obra085', 1), ('edi087', 'obra086', 1), ('edi088', 'obra087', 1),
('edi089', 'obra088', 1), ('edi090', 'obra089', 1), ('edi091', 'obra090', 1), ('edi092', 'obra091', 1),
('edi093', 'obra092', 1), ('edi094', 'obra093', 1), ('edi095', 'obra094', 1), ('edi096', 'obra095', 1),
('edi097', 'obra096', 1), ('edi098', 'obra097', 1), ('edi099', 'obra098', 1), ('edi100', 'obra099', 1),
('edi101', 'obra100', 1), ('edi102', 'obra101', 1), ('edi103', 'obra102', 1), ('edi104', 'obra103', 1),
('edi105', 'obra104', 1), ('edi106', 'obra105', 1), ('edi107', 'obra106', 1), ('edi108', 'obra107', 1),
('edi109', 'obra108', 1), ('edi110', 'obra109', 1), ('edi111', 'obra110', 1), ('edi112', 'obra111', 1),
('edi113', 'obra112', 1), ('edi114', 'obra113', 1), ('edi115', 'obra114', 1), ('edi116', 'obra115', 1),
('edi117', 'obra116', 1), ('edi118', 'obra117', 1), ('edi119', 'obra118', 1), ('edi120', 'obra119', 1),
('edi121', 'obra120', 1), ('edi122', 'obra121', 1), ('edi123', 'obra122', 1), ('edi124', 'obra123', 1),
('edi125', 'obra124', 1), ('edi126', 'obra125', 1), ('edi127', 'obra126', 1), ('edi128', 'obra127', 1),
('edi129', 'obra128', 1), ('edi130', 'obra129', 1), ('edi131', 'obra130', 1), ('edi132', 'obra131', 1),
('edi133', 'obra132', 1), ('edi134', 'obra133', 1), ('edi135', 'obra134', 1), ('edi136', 'obra135', 1),
('edi137', 'obra136', 1), ('edi138', 'obra137', 1), ('edi139', 'obra138', 1), ('edi140', 'obra139', 1),
('edi141', 'obra140', 1), ('edi142', 'obra141', 1), ('edi143', 'obra142', 1), ('edi144', 'obra143', 1),
('edi145', 'obra144', 1), ('edi146', 'obra145', 1), ('edi147', 'obra146', 1), ('edi148', 'obra147', 1),
('edi149', 'obra148', 1), ('edi150', 'obra149', 1), ('edi151', 'obra150', 1),
('edi152', 'obra001', 3), ('edi153', 'obra002', 2), ('edi154', 'obra004', 2), ('edi155', 'obra011', 2),
('edi156', 'obra013', 2), ('edi157', 'obra015', 2), ('edi158', 'obra020', 2), ('edi159', 'obra025', 2),
('edi160', 'obra030', 2), ('edi161', 'obra034', 2), ('edi162', 'obra040', 2), ('edi163', 'obra045', 2),
('edi164', 'obra050', 2), ('edi165', 'obra055', 2), ('edi166', 'obra060', 2), ('edi167', 'obra065', 2),
('edi168', 'obra070', 2), ('edi169', 'obra075', 2), ('edi170', 'obra080', 2), ('edi171', 'obra085', 2),
('edi172', 'obra090', 2), ('edi173', 'obra095', 2), ('edi174', 'obra100', 2), ('edi175', 'obra105', 2),
('edi176', 'obra110', 2), ('edi177', 'obra115', 2), ('edi178', 'obra120', 2), ('edi179', 'obra125', 2),
('edi180', 'obra130', 2), ('edi181', 'obra135', 2), ('edi182', 'obra140', 2), ('edi183', 'obra145', 2),
('edi184', 'obra150', 2), ('edi185', 'obra003', 2), ('edi186', 'obra007', 2), ('edi187', 'obra012', 2),
('edi188', 'obra016', 2), ('edi189', 'obra019', 2), ('edi190', 'obra024', 2), ('edi191', 'obra029', 2),
('edi192', 'obra033', 2), ('edi193', 'obra037', 2), ('edi194', 'obra042', 2), ('edi195', 'obra047', 2),
('edi196', 'obra052', 2), ('edi197', 'obra057', 2), ('edi198', 'obra062', 2), ('edi199', 'obra067', 2),
('edi200', 'obra072', 2), ('edi201', 'obra077', 2), ('edi202', 'obra082', 2), ('edi203', 'obra087', 2),
('edi204', 'obra092', 2), ('edi205', 'obra097', 2), ('edi206', 'obra102', 2), ('edi207', 'obra107', 2),
('edi208', 'obra112', 2), ('edi209', 'obra117', 2), ('edi210', 'obra122', 2), ('edi211', 'obra127', 2),
('edi212', 'obra132', 2), ('edi213', 'obra136', 2), ('edi214', 'obra141', 2), ('edi215', 'obra146', 2),
('edi216', 'obra005', 2), ('edi217', 'obra008', 2), ('edi218', 'obra010', 2), ('edi219', 'obra014', 2),
('edi220', 'obra018', 2), ('edi221', 'obra021', 2), ('edi222', 'obra023', 2), ('edi223', 'obra027', 2),
('edi224', 'obra031', 2), ('edi225', 'obra036', 2), ('edi226', 'obra039', 2), ('edi227', 'obra044', 2),
('edi228', 'obra048', 2), ('edi229', 'obra053', 2), ('edi230', 'obra059', 2), ('edi231', 'obra064', 2),
('edi232', 'obra069', 2), ('edi233', 'obra074', 2), ('edi234', 'obra079', 2), ('edi235', 'obra084', 2),
('edi236', 'obra089', 2), ('edi237', 'obra094', 2), ('edi238', 'obra099', 2), ('edi239', 'obra104', 2),
('edi240', 'obra109', 2), ('edi241', 'obra114', 2), ('edi242', 'obra119', 2), ('edi243', 'obra124', 2),
('edi244', 'obra129', 2), ('edi245', 'obra134', 2), ('edi246', 'obra138', 2), ('edi247', 'obra143', 2),
('edi248', 'obra148', 2), ('edi249', 'obra006', 2), ('edi250', 'obra009', 2), ('edi251', 'obra017', 2),
('edi252', 'obra022', 2), ('edi253', 'obra026', 2), ('edi254', 'obra032', 2), ('edi255', 'obra038', 2),
('edi256', 'obra041', 2), ('edi257', 'obra046', 2), ('edi258', 'obra051', 2), ('edi259', 'obra056', 2),
('edi260', 'obra061', 2), ('edi261', 'obra066', 2), ('edi262', 'obra071', 2), ('edi263', 'obra076', 2),
('edi264', 'obra081', 2), ('edi265', 'obra086', 2), ('edi266', 'obra091', 2), ('edi267', 'obra096', 2),
('edi268', 'obra101', 2), ('edi269', 'obra106', 2), ('edi270', 'obra111', 2), ('edi271', 'obra116', 2),
('edi272', 'obra121', 2), ('edi273', 'obra123', 2), ('edi274', 'obra128', 2), ('edi275', 'obra133', 2),
('edi276', 'obra137', 2), ('edi277', 'obra142', 2), ('edi278', 'obra147', 2), ('edi279', 'obra149', 2),
('edi280', 'obra001', 4), ('edi281', 'obra004', 3), ('edi282', 'obra007', 3), ('edi283', 'obra011', 3),
('edi284', 'obra015', 3), ('edi285', 'obra020', 3), ('edi286', 'obra024', 3), ('edi287', 'obra029', 3),
('edi288', 'obra033', 3), ('edi289', 'obra037', 3), ('edi290', 'obra042', 3), ('edi291', 'obra047', 3),
('edi292', 'obra052', 3), ('edi293', 'obra057', 3), ('edi294', 'obra062', 3), ('edi295', 'obra067', 3),
('edi296', 'obra072', 3), ('edi297', 'obra077', 3), ('edi298', 'obra082', 3), ('edi299', 'obra087', 3),
('edi300', 'obra092', 3);


-- Estantes (50 Estantes)
INSERT IGNORE INTO Estante (prateleira, numero) VALUES
('A', '01'), ('A', '02'), ('A', '03'), ('A', '04'), ('A', '05'),
('B', '01'), ('B', '02'), ('B', '03'), ('B', '04'), ('B', '05'),
('C', '01'), ('C', '02'), ('C', '03'), ('C', '04'), ('C', '05'),
('D', '01'), ('D', '02'), ('D', '03'), ('D', '04'), ('D', '05'),
('E', '01'), ('E', '02'), ('E', '03'), ('E', '04'), ('E', '05'),
('F', '01'), ('F', '02'), ('F', '03'), ('F', '04'), ('F', '05'),
('G', '01'), ('G', '02'), ('G', '03'), ('G', '04'), ('G', '05'),
('H', '01'), ('H', '02'), ('H', '03'), ('H', '04'), ('H', '05'),
('I', '01'), ('I', '02'), ('I', '03'), ('I', '04'), ('I', '05'),
('J', '01'), ('J', '02'), ('J', '03'), ('J', '04'), ('J', '05');


-- Exemplares (500 Exemplares)
INSERT IGNORE INTO Exemplar (id, fk_edicao, fk_artigo, fk_estante_prateleira, fk_estante_numero) VALUES
('exem001', 'edi001', NULL, 'A', '01'), ('exem002', 'edi002', NULL, 'A', '01'), ('exem003', 'edi003', NULL, 'A', '02'),
('exem004', 'edi004', NULL, 'A', '02'), ('exem005', 'edi005', NULL, 'A', '03'), ('exem006', 'edi006', NULL, 'A', '03'),
('exem007', 'edi007', NULL, 'A', '04'), ('exem008', 'edi008', NULL, 'A', '04'), ('exem009', 'edi009', NULL, 'A', '05'),
('exem010', 'edi010', NULL, 'A', '05'), ('exem011', 'edi011', NULL, 'B', '01'), ('exem012', 'edi012', NULL, 'B', '01'),
('exem013', 'edi013', NULL, 'B', '02'), ('exem014', 'edi014', NULL, 'B', '02'), ('exem015', 'edi015', NULL, 'B', '03'),
('exem016', 'edi016', NULL, 'B', '03'), ('exem017', 'edi017', NULL, 'B', '04'), ('exem018', 'edi018', NULL, 'B', '04'),
('exem019', 'edi019', NULL, 'B', '05'), ('exem020', 'edi020', NULL, 'B', '05'), ('exem021', 'edi021', NULL, 'C', '01'),
('exem022', 'edi022', NULL, 'C', '01'), ('exem023', 'edi023', NULL, 'C', '02'), ('exem024', 'edi024', NULL, 'C', '02'),
('exem025', 'edi025', NULL, 'C', '03'), ('exem026', 'edi026', NULL, 'C', '03'), ('exem027', 'edi027', NULL, 'C', '04'),
('exem028', 'edi028', NULL, 'C', '04'), ('exem029', 'edi029', NULL, 'C', '05'), ('exem030', 'edi030', NULL, 'C', '05'),
('exem031', 'edi031', NULL, 'D', '01'), ('exem032', 'edi032', NULL, 'D', '01'), ('exem033', 'edi033', NULL, 'D', '02'),
('exem034', 'edi034', NULL, 'D', '02'), ('exem035', 'edi035', NULL, 'D', '03'), ('exem036', 'edi036', NULL, 'D', '03'),
('exem037', 'edi037', NULL, 'D', '04'), ('exem038', 'edi038', NULL, 'D', '04'), ('exem039', 'edi039', NULL, 'D', '05'),
('exem040', 'edi040', NULL, 'D', '05'), ('exem041', 'edi041', NULL, 'E', '01'), ('exem042', 'edi042', NULL, 'E', '01'),
('exem043', 'edi043', NULL, 'E', '02'), ('exem044', 'edi044', NULL, 'E', '02'), ('exem045', 'edi045', NULL, 'E', '03'),
('exem046', 'edi046', NULL, 'E', '03'), ('exem047', 'edi047', NULL, 'E', '04'), ('exem048', 'edi048', NULL, 'E', '04'),
('exem049', 'edi049', NULL, 'E', '05'), ('exem050', 'edi050', NULL, 'E', '05'),
('exem051', 'edi001', NULL, 'A', '01'), ('exem052', 'edi001', NULL, 'A', '02'), ('exem053', 'edi002', NULL, 'A', '03'),
('exem054', 'edi002', NULL, 'A', '04'), ('exem055', 'edi003', NULL, 'B', '01'), ('exem056', 'edi003', NULL, 'B', '02'),
('exem057', 'edi004', NULL, 'B', '03'), ('exem058', 'edi004', NULL, 'B', '04'), ('exem059', 'edi005', NULL, 'C', '01'),
('exem060', 'edi005', NULL, 'C', '02'), ('exem061', NULL, 'art01', 'D', '01'), ('exem062', NULL, 'art02', 'D', '02'),
('exem063', 'edi006', NULL, 'E', '01'), ('exem064', 'edi007', NULL, 'E', '02'), ('exem065', 'edi008', NULL, 'A', '01'),
('exem066', 'edi009', NULL, 'A', '02'), ('exem067', 'edi010', NULL, 'B', '01'), ('exem068', 'edi011', NULL, 'B', '02'),
('exem069', 'edi012', NULL, 'C', '01'), ('exem070', 'edi013', NULL, 'D', '01'), ('exem071', 'edi014', NULL, 'E', '01'),
('exem072', NULL, 'art03', 'A', '03'), ('exem073', NULL, 'art04', 'B', '03'), ('exem074', 'edi015', NULL, 'C', '03'),
('exem075', 'edi016', NULL, 'D', '03'), ('exem076', 'edi017', NULL, 'E', '03'), ('exem077', NULL, 'art05', 'A', '04'),
('exem078', 'edi018', NULL, 'B', '04'), ('exem079', 'edi019', NULL, 'C', '04'), ('exem080', 'edi020', NULL, 'D', '04'),
('exem081', NULL, 'art06', 'E', '04'), ('exem082', 'edi021', NULL, 'A', '05'), ('exem083', 'edi022', NULL, 'B', '05'),
('exem084', 'edi023', NULL, 'C', '05'), ('exem085', 'edi024', NULL, 'D', '05'), ('exem086', NULL, 'art07', 'E', '05'),
('exem087', 'edi025', NULL, 'F', '01'), ('exem088', 'edi026', NULL, 'F', '02'), ('exem089', 'edi027', NULL, 'F', '03'),
('exem090', 'edi028', NULL, 'F', '04'), ('exem091', 'edi029', NULL, 'F', '05'), ('exem092', 'edi030', NULL, 'G', '01'),
('exem093', NULL, 'art08', 'G', '02'), ('exem094', 'edi031', NULL, 'G', '03'), ('exem095', 'edi032', NULL, 'G', '04'),
('exem096', 'edi033', NULL, 'G', '05'), ('exem097', NULL, 'art09', 'H', '01'), ('exem098', 'edi034', NULL, 'H', '02'),
('exem099', 'edi035', NULL, 'H', '03'), ('exem100', 'edi036', NULL, 'H', '04'),
('exem101', 'edi001', NULL, 'J', '01'), ('exem102', 'edi002', NULL, 'J', '01'), ('exem103', 'edi003', NULL, 'J', '02'),
('exem104', 'edi004', NULL, 'J', '02'), ('exem105', 'edi005', NULL, 'J', '03'), ('exem106', 'edi006', NULL, 'J', '03'),
('exem107', 'edi007', NULL, 'J', '04'), ('exem108', 'edi008', NULL, 'J', '04'), ('exem109', 'edi009', NULL, 'J', '05'),
('exem110', 'edi010', NULL, 'J', '05'), ('exem111', 'edi011', NULL, 'I', '01'), ('exem112', 'edi012', NULL, 'I', '01'),
('exem113', 'edi013', NULL, 'I', '02'), ('exem114', 'edi014', NULL, 'I', '02'), ('exem115', 'edi015', NULL, 'I', '03'),
('exem116', 'edi016', NULL, 'I', '03'), ('exem117', 'edi017', NULL, 'I', '04'), ('exem118', 'edi018', NULL, 'I', '04'),
('exem119', 'edi019', NULL, 'I', '05'), ('exem120', 'edi020', NULL, 'I', '05'), ('exem121', 'edi021', NULL, 'H', '01'),
('exem122', 'edi022', NULL, 'H', '01'), ('exem123', 'edi023', NULL, 'H', '02'), ('exem124', 'edi024', NULL, 'H', '02'),
('exem125', 'edi025', NULL, 'H', '03'), ('exem126', 'edi026', NULL, 'H', '03'), ('exem127', 'edi027', NULL, 'H', '04'),
('exem128', 'edi028', NULL, 'H', '04'), ('exem129', 'edi029', NULL, 'H', '05'), ('exem130', 'edi030', NULL, 'H', '05'),
('exem131', 'edi031', NULL, 'G', '01'), ('exem132', 'edi032', NULL, 'G', '01'), ('exem133', 'edi033', NULL, 'G', '02'),
('exem134', 'edi034', NULL, 'G', '02'), ('exem135', 'edi035', NULL, 'G', '03'), ('exem136', 'edi036', NULL, 'G', '03'),
('exem137', 'edi037', NULL, 'G', '04'), ('exem138', 'edi038', NULL, 'G', '04'), ('exem139', 'edi039', NULL, 'G', '05'),
('exem140', 'edi040', NULL, 'G', '05'), ('exem141', 'edi041', NULL, 'F', '01'), ('exem142', 'edi042', NULL, 'F', '01'),
('exem143', 'edi043', NULL, 'F', '02'), ('exem144', 'edi044', NULL, 'F', '02'), ('exem145', 'edi045', NULL, 'F', '03'),
('exem146', 'edi046', NULL, 'F', '03'), ('exem147', 'edi047', NULL, 'F', '04'), ('exem148', 'edi048', NULL, 'F', '04'),
('exem149', 'edi049', NULL, 'F', '05'), ('exem150', 'edi050', NULL, 'F', '05'),
('exem151', 'edi051', NULL, 'A', '01'), ('exem152', 'edi052', NULL, 'A', '01'), ('exem153', 'edi053', NULL, 'A', '02'),
('exem154', 'edi054', NULL, 'A', '02'), ('exem155', 'edi055', NULL, 'A', '03'), ('exem156', 'edi056', NULL, 'A', '03'),
('exem157', 'edi057', NULL, 'A', '04'), ('exem158', 'edi058', NULL, 'A', '04'), ('exem159', 'edi059', NULL, 'A', '05'),
('exem160', 'edi060', NULL, 'A', '05'), ('exem161', 'edi061', NULL, 'B', '01'), ('exem162', 'edi062', NULL, 'B', '01'),
('exem163', 'edi063', NULL, 'B', '02'), ('exem164', 'edi064', NULL, 'B', '02'), ('exem165', 'edi065', NULL, 'B', '03'),
('exem166', 'edi066', NULL, 'B', '03'), ('exem167', 'edi067', NULL, 'B', '04'), ('exem168', 'edi068', NULL, 'B', '04'),
('exem169', 'edi069', NULL, 'B', '05'), ('exem170', 'edi070', NULL, 'B', '05'), ('exem171', 'edi071', NULL, 'C', '01'),
('exem172', 'edi072', NULL, 'C', '01'), ('exem173', 'edi073', NULL, 'C', '02'), ('exem174', 'edi074', NULL, 'C', '02'),
('exem175', 'edi075', NULL, 'C', '03'), ('exem176', 'edi076', NULL, 'C', '03'), ('exem177', 'edi077', NULL, 'C', '04'),
('exem178', 'edi078', NULL, 'C', '04'), ('exem179', 'edi079', NULL, 'C', '05'), ('exem180', 'edi080', NULL, 'C', '05'),
('exem181', 'edi081', NULL, 'D', '01'), ('exem182', 'edi082', NULL, 'D', '01'), ('exem183', 'edi083', NULL, 'D', '02'),
('exem184', 'edi084', NULL, 'D', '02'), ('exem185', 'edi085', NULL, 'D', '03'), ('exem186', 'edi086', NULL, 'D', '03'),
('exem187', 'edi087', NULL, 'D', '04'), ('exem188', 'edi088', NULL, 'D', '04'), ('exem189', 'edi089', NULL, 'D', '05'),
('exem190', 'edi090', NULL, 'D', '05'), ('exem191', 'edi091', NULL, 'E', '01'), ('exem192', 'edi092', NULL, 'E', '01'),
('exem193', 'edi093', NULL, 'E', '02'), ('exem194', 'edi094', NULL, 'E', '02'), ('exem195', 'edi095', NULL, 'E', '03'),
('exem196', 'edi096', NULL, 'E', '03'), ('exem197', 'edi097', NULL, 'E', '04'), ('exem198', 'edi098', NULL, 'E', '04'),
('exem199', 'edi099', NULL, 'E', '05'), ('exem200', 'edi100', NULL, 'E', '05'),
('exem201', 'edi101', NULL, 'F', '01'), ('exem202', 'edi102', NULL, 'F', '01'), ('exem203', 'edi103', NULL, 'F', '02'),
('exem204', 'edi104', NULL, 'F', '02'), ('exem205', 'edi105', NULL, 'F', '03'), ('exem206', 'edi106', NULL, 'F', '03'),
('exem207', 'edi107', NULL, 'F', '04'), ('exem208', 'edi108', NULL, 'F', '04'), ('exem209', 'edi109', NULL, 'F', '05'),
('exem210', 'edi110', NULL, 'F', '05'), ('exem211', 'edi111', NULL, 'G', '01'), ('exem212', 'edi112', NULL, 'G', '01'),
('exem213', 'edi113', NULL, 'G', '02'), ('exem214', 'edi114', NULL, 'G', '02'), ('exem215', 'edi115', NULL, 'G', '03'),
('exem216', 'edi116', NULL, 'G', '03'), ('exem217', 'edi117', NULL, 'G', '04'), ('exem218', 'edi118', NULL, 'G', '04'),
('exem219', 'edi119', NULL, 'G', '05'), ('exem220', 'edi120', NULL, 'G', '05'), ('exem221', 'edi121', NULL, 'H', '01'),
('exem222', 'edi122', NULL, 'H', '01'), ('exem223', 'edi123', NULL, 'H', '02'), ('exem224', 'edi124', NULL, 'H', '02'),
('exem225', 'edi125', NULL, 'H', '03'), ('exem226', 'edi126', NULL, 'H', '03'), ('exem227', 'edi127', NULL, 'H', '04'),
('exem228', 'edi128', NULL, 'H', '04'), ('exem229', 'edi129', NULL, 'H', '05'), ('exem230', 'edi130', NULL, 'H', '05'),
('exem231', 'edi131', NULL, 'I', '01'), ('exem232', 'edi132', NULL, 'I', '01'), ('exem233', 'edi133', NULL, 'I', '02'),
('exem234', 'edi134', NULL, 'I', '02'), ('exem235', 'edi135', NULL, 'I', '03'), ('exem236', 'edi136', NULL, 'I', '03'),
('exem237', 'edi137', NULL, 'I', '04'), ('exem238', 'edi138', NULL, 'I', '04'), ('exem239', 'edi139', NULL, 'I', '05'),
('exem240', 'edi140', NULL, 'I', '05'), ('exem241', 'edi141', NULL, 'J', '01'), ('exem242', 'edi142', NULL, 'J', '01'),
('exem243', 'edi143', NULL, 'J', '02'), ('exem244', 'edi144', NULL, 'J', '02'), ('exem245', 'edi145', NULL, 'J', '03'),
('exem246', 'edi146', NULL, 'J', '03'), ('exem247', 'edi147', NULL, 'J', '04'), ('exem248', 'edi148', NULL, 'J', '04'),
('exem249', 'edi149', NULL, 'J', '05'), ('exem250', 'edi150', NULL, 'J', '05'),
('exem251', 'edi151', NULL, 'A', '01'), ('exem252', 'edi152', NULL, 'A', '02'), ('exem253', 'edi153', NULL, 'A', '03'),
('exem254', 'edi154', NULL, 'A', '04'), ('exem255', 'edi155', NULL, 'A', '05'), ('exem256', 'edi156', NULL, 'B', '01'),
('exem257', 'edi157', NULL, 'B', '02'), ('exem258', 'edi158', NULL, 'B', '03'), ('exem259', 'edi159', NULL, 'B', '04'),
('exem260', 'edi160', NULL, 'B', '05'), ('exem261', 'edi161', NULL, 'C', '01'), ('exem262', 'edi162', NULL, 'C', '02'),
('exem263', 'edi163', NULL, 'C', '03'), ('exem264', 'edi164', NULL, 'C', '04'), ('exem265', 'edi165', NULL, 'C', '05'),
('exem266', 'edi166', NULL, 'D', '01'), ('exem267', 'edi167', NULL, 'D', '02'), ('exem268', 'edi168', NULL, 'D', '03'),
('exem269', 'edi169', NULL, 'D', '04'), ('exem270', 'edi170', NULL, 'D', '05'), ('exem271', 'edi171', NULL, 'E', '01'),
('exem272', 'edi172', NULL, 'E', '02'), ('exem273', 'edi173', NULL, 'E', '03'), ('exem274', 'edi174', NULL, 'E', '04'),
('exem275', 'edi175', NULL, 'E', '05'), ('exem276', 'edi176', NULL, 'F', '01'), ('exem277', 'edi177', NULL, 'F', '02'),
('exem278', 'edi178', NULL, 'F', '03'), ('exem279', 'edi179', NULL, 'F', '04'), ('exem280', 'edi180', NULL, 'F', '05'),
('exem281', 'edi181', NULL, 'G', '01'), ('exem282', 'edi182', NULL, 'G', '02'), ('exem283', 'edi183', NULL, 'G', '03'),
('exem284', 'edi184', NULL, 'G', '04'), ('exem285', 'edi185', NULL, 'G', '05'), ('exem286', 'edi186', NULL, 'H', '01'),
('exem287', 'edi187', NULL, 'H', '02'), ('exem288', 'edi188', NULL, 'H', '03'), ('exem289', 'edi189', NULL, 'H', '04'),
('exem290', 'edi190', NULL, 'H', '05'), ('exem291', 'edi191', NULL, 'I', '01'), ('exem292', 'edi192', NULL, 'I', '02'),
('exem293', 'edi193', NULL, 'I', '03'), ('exem294', 'edi194', NULL, 'I', '04'), ('exem295', 'edi195', NULL, 'I', '05'),
('exem296', 'edi196', NULL, 'J', '01'), ('exem297', 'edi197', NULL, 'J', '02'), ('exem298', 'edi198', NULL, 'J', '03'),
('exem299', 'edi199', NULL, 'J', '04'), ('exem300', 'edi200', NULL, 'J', '05'),
('exem301', 'edi201', NULL, 'A', '01'), ('exem302', 'edi202', NULL, 'A', '02'), ('exem303', 'edi203', NULL, 'A', '03'),
('exem304', 'edi204', NULL, 'A', '04'), ('exem305', 'edi205', NULL, 'A', '05'), ('exem306', 'edi206', NULL, 'B', '01'),
('exem307', 'edi207', NULL, 'B', '02'), ('exem308', 'edi208', NULL, 'B', '03'), ('exem309', 'edi209', NULL, 'B', '04'),
('exem310', 'edi210', NULL, 'B', '05'), ('exem311', 'edi211', NULL, 'C', '01'), ('exem312', 'edi212', NULL, 'C', '02'),
('exem313', 'edi213', NULL, 'C', '03'), ('exem314', 'edi214', NULL, 'C', '04'), ('exem315', 'edi215', NULL, 'C', '05'),
('exem316', 'edi216', NULL, 'D', '01'), ('exem317', 'edi217', NULL, 'D', '02'), ('exem318', 'edi218', NULL, 'D', '03'),
('exem319', 'edi219', NULL, 'D', '04'), ('exem320', 'edi220', NULL, 'D', '05'), ('exem321', 'edi221', NULL, 'E', '01'),
('exem322', 'edi222', NULL, 'E', '02'), ('exem323', 'edi223', NULL, 'E', '03'), ('exem324', 'edi224', NULL, 'E', '04'),
('exem325', 'edi225', NULL, 'E', '05'), ('exem326', 'edi226', NULL, 'F', '01'), ('exem327', 'edi227', NULL, 'F', '02'),
('exem328', 'edi228', NULL, 'F', '03'), ('exem329', 'edi229', NULL, 'F', '04'), ('exem330', 'edi230', NULL, 'F', '05'),
('exem331', 'edi231', NULL, 'G', '01'), ('exem332', 'edi232', NULL, 'G', '02'), ('exem333', 'edi233', NULL, 'G', '03'),
('exem334', 'edi234', NULL, 'G', '04'), ('exem335', 'edi235', NULL, 'G', '05'), ('exem336', 'edi236', NULL, 'H', '01'),
('exem337', 'edi237', NULL, 'H', '02'), ('exem338', 'edi238', NULL, 'H', '03'), ('exem339', 'edi239', NULL, 'H', '04'),
('exem340', 'edi240', NULL, 'H', '05'), ('exem341', 'edi241', NULL, 'I', '01'), ('exem342', 'edi242', NULL, 'I', '02'),
('exem343', 'edi243', NULL, 'I', '03'), ('exem344', 'edi244', NULL, 'I', '04'), ('exem345', 'edi245', NULL, 'I', '05'),
('exem346', 'edi246', NULL, 'J', '01'), ('exem347', 'edi247', NULL, 'J', '02'), ('exem348', 'edi248', NULL, 'J', '03'),
('exem349', 'edi249', NULL, 'J', '04'), ('exem350', 'edi250', NULL, 'J', '05'),
('exem351', 'edi251', NULL, 'A', '01'), ('exem352', 'edi252', NULL, 'A', '02'), ('exem353', 'edi253', NULL, 'A', '03'),
('exem354', 'edi254', NULL, 'A', '04'), ('exem355', 'edi255', NULL, 'A', '05'), ('exem356', 'edi256', NULL, 'B', '01'),
('exem357', 'edi257', NULL, 'B', '02'), ('exem358', 'edi258', NULL, 'B', '03'), ('exem359', 'edi259', NULL, 'B', '04'),
('exem360', 'edi260', NULL, 'B', '05'), ('exem361', 'edi261', NULL, 'C', '01'), ('exem362', 'edi262', NULL, 'C', '02'),
('exem363', 'edi263', NULL, 'C', '03'), ('exem364', 'edi264', NULL, 'C', '04'), ('exem365', 'edi265', NULL, 'C', '05'),
('exem366', 'edi266', NULL, 'D', '01'), ('exem367', 'edi267', NULL, 'D', '02'), ('exem368', 'edi268', NULL, 'D', '03'),
('exem369', 'edi269', NULL, 'D', '04'), ('exem370', 'edi270', NULL, 'D', '05'), ('exem371', 'edi271', NULL, 'E', '01'),
('exem372', 'edi272', NULL, 'E', '02'), ('exem373', 'edi273', NULL, 'E', '03'), ('exem374', 'edi274', NULL, 'E', '04'),
('exem375', 'edi275', NULL, 'E', '05'), ('exem376', 'edi276', NULL, 'F', '01'), ('exem377', 'edi277', NULL, 'F', '02'),
('exem378', 'edi278', NULL, 'F', '03'), ('exem379', 'edi279', NULL, 'F', '04'), ('exem380', 'edi280', NULL, 'F', '05'),
('exem381', 'edi281', NULL, 'G', '01'), ('exem382', 'edi282', NULL, 'G', '02'), ('exem383', 'edi283', NULL, 'G', '03'),
('exem384', 'edi284', NULL, 'G', '04'), ('exem385', 'edi285', NULL, 'G', '05'), ('exem386', 'edi286', NULL, 'H', '01'),
('exem387', 'edi287', NULL, 'H', '02'), ('exem388', 'edi288', NULL, 'H', '03'), ('exem389', 'edi289', NULL, 'H', '04'),
('exem390', 'edi290', NULL, 'H', '05'), ('exem391', 'edi291', NULL, 'I', '01'), ('exem392', 'edi292', NULL, 'I', '02'),
('exem393', 'edi293', NULL, 'I', '03'), ('exem394', 'edi294', NULL, 'I', '04'), ('exem395', 'edi295', NULL, 'I', '05'),
('exem396', 'edi296', NULL, 'J', '01'), ('exem397', 'edi297', NULL, 'J', '02'), ('exem398', 'edi298', NULL, 'J', '03'),
('exem399', 'edi299', NULL, 'J', '04'), ('exem400', 'edi300', NULL, 'J', '05'),
-- Mais exemplares para as obras 101-150 e artigos 1-20
('exem401', 'edi101', NULL, 'A', '01'), ('exem402', 'edi102', NULL, 'A', '01'), ('exem403', 'edi103', NULL, 'A', '02'),
('exem404', 'edi104', NULL, 'A', '02'), ('exem405', 'edi105', NULL, 'A', '03'), ('exem406', 'edi106', NULL, 'A', '03'),
('exem407', 'edi107', NULL, 'A', '04'), ('exem408', 'edi108', NULL, 'A', '04'), ('exem409', 'edi109', NULL, 'A', '05'),
('exem410', 'edi110', NULL, 'A', '05'), ('exem411', 'edi111', NULL, 'B', '01'), ('exem412', 'edi112', NULL, 'B', '01'),
('exem413', 'edi113', NULL, 'B', '02'), ('exem414', 'edi114', NULL, 'B', '02'), ('exem415', 'edi115', NULL, 'B', '03'),
('exem416', 'edi116', NULL, 'B', '03'), ('exem417', 'edi117', NULL, 'B', '04'), ('exem418', 'edi118', NULL, 'B', '04'),
('exem419', 'edi119', NULL, 'B', '05'), ('exem420', 'edi120', NULL, 'B', '05'), ('exem421', 'edi121', NULL, 'C', '01'),
('exem422', 'edi122', NULL, 'C', '01'), ('exem423', 'edi123', NULL, 'C', '02'), ('exem424', 'edi124', NULL, 'C', '02'),
('exem425', 'edi125', NULL, 'C', '03'), ('exem426', 'edi126', NULL, 'C', '03'), ('exem427', 'edi127', NULL, 'C', '04'),
('exem428', 'edi128', NULL, 'C', '04'), ('exem429', 'edi129', NULL, 'C', '05'), ('exem430', 'edi130', NULL, 'C', '05'),
('exem431', 'edi131', NULL, 'D', '01'), ('exem432', 'edi132', NULL, 'D', '01'), ('exem433', 'edi133', NULL, 'D', '02'),
('exem434', 'edi134', NULL, 'D', '02'), ('exem435', 'edi135', NULL, 'D', '03'), ('exem436', 'edi136', NULL, 'D', '03'),
('exem437', 'edi137', NULL, 'D', '04'), ('exem438', 'edi138', NULL, 'D', '04'), ('exem439', 'edi139', NULL, 'D', '05'),
('exem440', 'edi140', NULL, 'D', '05'), ('exem441', 'edi141', NULL, 'E', '01'), ('exem442', 'edi142', NULL, 'E', '01'),
('exem443', 'edi143', NULL, 'E', '02'), ('exem444', 'edi144', NULL, 'E', '02'), ('exem445', 'edi145', NULL, 'E', '03'),
('exem446', 'edi146', NULL, 'E', '03'), ('exem447', 'edi147', NULL, 'E', '04'), ('exem448', 'edi148', NULL, 'E', '04'),
('exem449', 'edi149', NULL, 'E', '05'), ('exem450', 'edi150', NULL, 'E', '05'),
('exem451', 'edi151', NULL, 'F', '01'), ('exem452', 'edi152', NULL, 'F', '01'), ('exem453', 'edi153', NULL, 'F', '02'),
('exem454', 'edi154', NULL, 'F', '02'), ('exem455', 'edi155', NULL, 'F', '03'), ('exem456', 'edi156', NULL, 'F', '03'),
('exem457', 'edi157', NULL, 'F', '04'), ('exem458', 'edi158', NULL, 'F', '04'), ('exem459', 'edi159', NULL, 'F', '05'),
('exem460', 'edi160', NULL, 'F', '05'), ('exem461', 'edi161', NULL, 'G', '01'), ('exem462', 'edi162', NULL, 'G', '01'),
('exem463', 'edi163', NULL, 'G', '02'), ('exem464', 'edi164', NULL, 'G', '02'), ('exem465', 'edi165', NULL, 'G', '03'),
('exem466', 'edi166', NULL, 'G', '03'), ('exem467', 'edi167', NULL, 'G', '04'), ('exem468', 'edi168', NULL, 'G', '04'),
('exem469', 'edi169', NULL, 'G', '05'), ('exem470', 'edi170', NULL, 'G', '05'), ('exem471', 'edi171', NULL, 'H', '01'),
('exem472', 'edi172', NULL, 'H', '01'), ('exem473', 'edi173', NULL, 'H', '02'), ('exem474', 'edi174', NULL, 'H', '02'),
('exem475', 'edi175', NULL, 'H', '03'), ('exem476', 'edi176', NULL, 'H', '03'), ('exem477', 'edi177', NULL, 'H', '04'),
('exem478', 'edi178', NULL, 'H', '04'), ('exem479', 'edi179', NULL, 'H', '05'), ('exem480', 'edi180', NULL, 'H', '05'),
('exem481', 'edi181', NULL, 'I', '01'), ('exem482', 'edi182', NULL, 'I', '01'), ('exem483', 'edi183', NULL, 'I', '02'),
('exem484', 'edi184', NULL, 'I', '02'), ('exem485', 'edi185', NULL, 'I', '03'), ('exem486', 'edi186', NULL, 'I', '03'),
('exem487', 'edi187', NULL, 'I', '04'), ('exem488', 'edi188', NULL, 'I', '04'), ('exem489', 'edi189', NULL, 'I', '05'),
('exem490', 'edi190', NULL, 'I', '05'), ('exem491', 'edi191', NULL, 'J', '01'), ('exem492', 'edi192', NULL, 'J', '01'),
('exem493', 'edi193', NULL, 'J', '02'), ('exem494', 'edi194', NULL, 'J', '02'), ('exem495', 'edi195', NULL, 'J', '03'),
('exem496', 'edi196', NULL, 'J', '03'), ('exem497', 'edi197', NULL, 'J', '04'), ('exem498', 'edi198', NULL, 'J', '04'),
('exem499', 'edi199', NULL, 'J', '05'), ('exem500', 'edi200', NULL, 'J', '05');

-- Empréstimos (240 Empréstimos - ajustados para respeitar o trigger e usar funcionários válidos)
INSERT INTO Emprestimo_aluga (id, data_emprestimo, data_prevista_dev, data_devolucao, fk_exemplar, fk_cliente, fk_funcionario) VALUES
('emp001', '2024-01-01 10:00:00', '2024-01-15 10:00:00', '2024-01-14', 'exem001', 'c001', 'f01'),
('emp002', '2024-01-02 11:00:00', '2024-01-16 11:00:00', '2024-01-10', 'exem002', 'c002', 'f02'),
('emp003', '2024-01-03 12:00:00', '2024-01-17 12:00:00', '2024-01-16', 'exem003', 'c003', 'f03'),
('emp004', '2024-01-04 13:00:00', '2024-01-18 13:00:00', '2024-01-18', 'exem004', 'c004', 'f04'),
('emp005', '2024-01-05 14:00:00', '2024-01-19 14:00:00', '2024-01-18', 'exem005', 'c005', 'f05'),
('emp006', '2024-01-06 15:00:00', '2024-01-20 15:00:00', '2024-01-15', 'exem006', 'c006', 'f01'),
('emp007', '2024-01-07 16:00:00', '2024-01-21 16:00:00', '2024-01-20', 'exem007', 'c007', 'f02'),
('emp008', '2024-01-08 17:00:00', '2024-01-22 17:00:00', '2024-01-22', 'exem008', 'c008', 'f03'),
('emp009', '2024-01-09 18:00:00', '2024-01-23 18:00:00', '2024-01-22', 'exem009', 'c009', 'f04'),
('emp010', '2024-01-10 09:00:00', '2024-01-24 09:00:00', '2024-01-20', 'exem010', 'c010', 'f05'),
('emp011', '2024-01-11 10:00:00', '2024-01-25 10:00:00', '2024-01-24', 'exem011', 'c011', 'f01'),
('emp012', '2024-01-12 11:00:00', '2024-01-26 11:00:00', '2024-01-26', 'exem012', 'c012', 'f02'),
('emp013', '2024-01-13 12:00:00', '2024-01-27 12:00:00', '2024-01-26', 'exem013', 'c013', 'f03'),
('emp014', '2024-01-14 13:00:00', '2024-01-28 13:00:00', '2024-01-25', 'exem014', 'c014', 'f04'),
('emp015', '2024-01-15 14:00:00', '2024-01-29 14:00:00', '2024-01-28', 'exem015', 'c015', 'f05'),
('emp016', '2024-1-16 15:00:00', '2024-01-30 15:00:00', '2024-01-30', 'exem016', 'c016', 'f01'),
('emp017', '2024-01-17 16:00:00', '2024-01-31 16:00:00', '2024-01-30', 'exem017', 'c017', 'f02'),
('emp018', '2024-01-18 17:00:00', '2024-02-01 17:00:00', '2024-02-01', 'exem018', 'c018', 'f03'),
('emp019', '2024-01-19 18:00:00', '2024-02-02 18:00:00', '2024-02-01', 'exem019', 'c019', 'f04'),
('emp020', '2024-01-20 09:00:00', '2024-02-03 09:00:00', '2024-02-03', 'exem020', 'c020', 'f05'),
('emp021', '2024-02-01 10:00:00', '2024-02-15 10:00:00', '2024-02-14', 'exem021', 'c001', 'f01'),
('emp022', '2024-02-02 11:00:00', '2024-02-16 11:00:00', '2024-02-10', 'exem022', 'c002', 'f02'),
('emp023', '2024-02-03 12:00:00', '2024-02-17 12:00:00', '2024-02-16', 'exem023', 'c003', 'f03'),
('emp024', '2024-02-04 13:00:00', '2024-02-18 13:00:00', '2024-02-18', 'exem024', 'c004', 'f04'),
('emp025', '2024-02-05 14:00:00', '2024-02-19 14:00:00', '2024-02-18', 'exem025', 'c005', 'f05'),
('emp026', '2024-02-06 15:00:00', '2024-02-20 15:00:00', '2024-02-15', 'exem026', 'c006', 'f01'),
('emp027', '2024-02-07 16:00:00', '2024-02-21 16:00:00', '2024-02-20', 'exem027', 'c007', 'f02'),
('emp028', '2024-02-08 17:00:00', '2024-02-22 17:00:00', '2024-02-22', 'exem028', 'c008', 'f03'),
('emp029', '2024-02-09 18:00:00', '2024-02-23 18:00:00', '2024-02-22', 'exem029', 'c009', 'f04'),
('emp030', '2024-02-10 09:00:00', '2024-02-24 09:00:00', '2024-02-20', 'exem030', 'c010', 'f05'),
('emp031', '2024-02-11 10:00:00', '2024-02-25 10:00:00', '2024-02-24', 'exem031', 'c011', 'f01'),
('emp032', '2024-02-12 11:00:00', '2024-02-26 11:00:00', '2024-02-26', 'exem032', 'c012', 'f02'),
('emp033', '2024-02-13 12:00:00', '2024-02-27 12:00:00', '2024-02-26', 'exem033', 'c013', 'f03'),
('emp034', '2024-02-14 13:00:00', '2024-02-28 13:00:00', '2024-02-25', 'exem034', 'c014', 'f04'),
('emp035', '2024-02-15 14:00:00', '2024-02-29 14:00:00', '2024-02-28', 'exem035', 'c015', 'f05'),
('emp036', '2024-02-16 15:00:00', '2024-03-01 15:00:00', '2024-02-29', 'exem036', 'c016', 'f01'),
('emp037', '2024-02-17 16:00:00', '2024-03-02 16:00:00', '2024-03-01', 'exem037', 'c017', 'f02'),
('emp038', '2024-02-18 17:00:00', '2024-03-03 17:00:00', '2024-03-03', 'exem038', 'c018', 'f03'),
('emp039', '2024-02-19 18:00:00', '2024-03-04 18:00:00', '2024-03-03', 'exem039', 'c019', 'f04'),
('emp040', '2024-02-20 09:00:00', '2024-03-05 09:00:00', '2024-03-01', 'exem040', 'c020', 'f05'),
('emp041', '2024-03-01 10:00:00', '2024-03-15 10:00:00', '2024-03-14', 'exem041', 'c001', 'f01'),
('emp042', '2024-03-02 11:00:00', '2024-03-16 11:00:00', '2024-03-10', 'exem042', 'c002', 'f02'),
('emp043', '2024-03-03 12:00:00', '2024-03-17 12:00:00', '2024-03-16', 'exem043', 'c003', 'f03'),
('emp044', '2024-03-04 13:00:00', '2024-03-18 13:00:00', '2024-03-18', 'exem044', 'c004', 'f04'),
('emp045', '2024-03-05 14:00:00', '2024-03-19 14:00:00', '2024-03-18', 'exem045', 'c005', 'f05'),
('emp046', '2024-03-06 15:00:00', '2024-03-20 15:00:00', '2024-03-15', 'exem046', 'c006', 'f01'),
('emp047', '2024-03-07 16:00:00', '2024-03-21 16:00:00', '2024-03-20', 'exem047', 'c007', 'f02'),
('emp048', '2024-03-08 17:00:00', '2024-03-22 17:00:00', '2024-03-22', 'exem048', 'c008', 'f03'),
('emp049', '2024-03-09 18:00:00', '2024-03-23 18:00:00', '2024-03-22', 'exem049', 'c009', 'f04'),
('emp050', '2024-03-10 09:00:00', '2024-03-24 09:00:00', '2024-03-20', 'exem050', 'c010', 'f05'),
('emp051', '2024-03-11 10:00:00', '2024-03-25 10:00:00', '2024-03-24', 'exem051', 'c011', 'f01'),
('emp052', '2024-03-12 11:00:00', '2024-03-26 11:00:00', '2024-03-26', 'exem052', 'c012', 'f02'),
('emp053', '2024-03-13 12:00:00', '2024-03-27 12:00:00', '2024-03-26', 'exem053', 'c013', 'f03'),
('emp054', '2024-03-14 13:00:00', '2024-03-28 13:00:00', '2024-03-25', 'exem054', 'c014', 'f04'),
('emp055', '2024-03-15 14:00:00', '2024-03-29 14:00:00', '2024-03-28', 'exem055', 'c015', 'f05'),
('emp056', '2024-03-16 15:00:00', '2024-03-30 15:00:00', '2024-03-30', 'exem056', 'c016', 'f01'),
('emp057', '2024-03-17 16:00:00', '2024-03-31 16:00:00', '2024-03-30', 'exem057', 'c017', 'f02'),
('emp058', '2024-03-18 17:00:00', '2024-04-01 17:00:00', '2024-04-01', 'exem058', 'c018', 'f03'),
('emp059', '2024-03-19 18:00:00', '2024-04-02 18:00:00', '2024-04-01', 'exem059', 'c019', 'f04'),
('emp060', '2024-03-20 09:00:00', '2024-04-03 09:00:00', '2024-03-25', 'exem060', 'c020', 'f05'),
('emp061', '2024-04-01 10:00:00', '2024-04-15 10:00:00', '2024-04-14', 'exem061', 'c021', 'f01'),
('emp062', '2024-04-02 11:00:00', '2024-04-16 11:00:00', '2024-04-10', 'exem062', 'c022', 'f02'),
('emp063', '2024-04-03 12:00:00', '2024-04-17 12:00:00', '2024-04-16', 'exem063', 'c023', 'f03'),
('emp064', '2024-04-04 13:00:00', '2024-04-18 13:00:00', '2024-04-18', 'exem064', 'c024', 'f04'),
('emp065', '2024-04-05 14:00:00', '2024-04-19 14:00:00', '2024-04-18', 'exem065', 'c025', 'f05'),
('emp066', '2024-04-06 15:00:00', '2024-04-20 15:00:00', '2024-04-15', 'exem066', 'c026', 'f01'),
('emp067', '2024-04-07 16:00:00', '2024-04-21 16:00:00', '2024-04-20', 'exem067', 'c027', 'f02'),
('emp068', '2024-04-08 17:00:00', '2024-04-22 17:00:00', '2024-04-22', 'exem068', 'c028', 'f03'),
('emp069', '2024-04-09 18:00:00', '2024-04-23 18:00:00', '2024-04-22', 'exem069', 'c029', 'f04'),
('emp070', '2024-04-10 09:00:00', '2024-04-24 09:00:00', '2024-04-20', 'exem070', 'c030', 'f05'),
('emp071', '2024-04-11 10:00:00', '2024-04-25 10:00:00', '2024-04-24', 'exem071', 'c031', 'f01'),
('emp072', '2024-04-12 11:00:00', '2024-04-26 11:00:00', '2024-04-26', 'exem072', 'c032', 'f02'),
('emp073', '2024-04-13 12:00:00', '2024-04-27 12:00:00', '2024-04-26', 'exem073', 'c033', 'f03'),
('emp074', '2024-04-14 13:00:00', '2024-04-28 13:00:00', '2024-04-25', 'exem074', 'c034', 'f04'),
('emp075', '2024-04-15 14:00:00', '2024-04-29 14:00:00', '2024-04-28', 'exem075', 'c035', 'f05'),
('emp076', '2024-04-16 15:00:00', '2024-04-30 15:00:00', '2024-04-30', 'exem076', 'c036', 'f01'),
('emp077', '2024-04-17 16:00:00', '2024-05-01 16:00:00', '2024-04-30', 'exem077', 'c037', 'f02'),
('emp078', '2024-04-18 17:00:00', '2024-05-02 17:00:00', '2024-05-02', 'exem078', 'c038', 'f03'),
('emp079', '2024-04-19 18:00:00', '2024-05-03 18:00:00', '2024-05-02', 'exem079', 'c039', 'f04'),
('emp080', '2024-04-20 09:00:00', '2024-05-04 09:00:00', '2024-05-01', 'exem080', 'c040', 'f05'),
('emp081', '2024-05-01 10:00:00', '2024-05-15 10:00:00', '2024-05-14', 'exem081', 'c041', 'f01'),
('emp082', '2024-05-02 11:00:00', '2024-05-16 11:00:00', '2024-05-10', 'exem082', 'c042', 'f02'),
('emp083', '2024-05-03 12:00:00', '2024-05-17 12:00:00', '2024-05-16', 'exem083', 'c043', 'f03'),
('emp084', '2024-05-04 13:00:00', '2024-05-18 13:00:00', '2024-05-18', 'exem084', 'c044', 'f04'),
('emp085', '2024-05-05 14:00:00', '2024-05-19 14:00:00', '2024-05-18', 'exem085', 'c045', 'f05'),
('emp086', '2024-05-06 15:00:00', '2024-05-20 15:00:00', '2024-05-15', 'exem086', 'c046', 'f01'),
('emp087', '2024-05-07 16:00:00', '2024-05-21 16:00:00', '2024-05-20', 'exem087', 'c047', 'f02'),
('emp088', '2024-05-08 17:00:00', '2024-05-22 17:00:00', '2024-05-22', 'exem088', 'c048', 'f03'),
('emp089', '2024-05-09 18:00:00', '2024-05-23 18:00:00', '2024-05-22', 'exem089', 'c049', 'f04'),
('emp090', '2024-05-10 09:00:00', '2024-05-24 09:00:00', '2024-05-20', 'exem090', 'c050', 'f05'),
('emp091', '2024-05-11 10:00:00', '2024-05-25 10:00:00', '2024-05-24', 'exem091', 'c051', 'f01'),
('emp092', '2024-05-12 11:00:00', '2024-05-26 11:00:00', '2024-05-26', 'exem092', 'c052', 'f02'),
('emp093', '2024-05-13 12:00:00', '2024-05-27 12:00:00', '2024-05-26', 'exem093', 'c053', 'f03'),
('emp094', '2024-05-14 13:00:00', '2024-05-28 13:00:00', '2024-05-25', 'exem094', 'c054', 'f04'),
('emp095', '2024-05-15 14:00:00', '2024-05-29 14:00:00', '2024-05-28', 'exem095', 'c055', 'f05'),
('emp096', '2024-05-16 15:00:00', '2024-05-30 15:00:00', '2024-05-30', 'exem096', 'c056', 'f01'),
('emp097', '2024-05-17 16:00:00', '2024-05-31 16:00:00', '2024-05-30', 'exem097', 'c057', 'f02'),
('emp098', '2024-05-18 17:00:00', '2024-06-01 17:00:00', '2024-06-01', 'exem098', 'c058', 'f03'),
('emp099', '2024-05-19 18:00:00', '2024-06-02 18:00:00', '2024-06-01', 'exem099', 'c059', 'f04'),
('emp100', '2024-05-20 09:00:00', '2024-06-03 09:00:00', '2024-06-01', 'exem100', 'c060', 'f05'),
('emp101', '2024-05-21 10:00:00', '2024-06-04 10:00:00', '2024-06-03', 'exem101', 'c061', 'f01'),
('emp102', '2024-05-22 11:00:00', '2024-06-05 11:00:00', '2024-06-01', 'exem102', 'c062', 'f02'),
('emp103', '2024-05-23 12:00:00', '2024-06-06 12:00:00', '2024-06-05', 'exem103', 'c063', 'f03'),
('emp104', '2024-05-24 13:00:00', '2024-06-07 13:00:00', '2024-06-07', 'exem104', 'c064', 'f04'),
('emp105', '2024-05-25 14:00:00', '2024-06-08 14:00:00', '2024-06-07', 'exem105', 'c065', 'f05'),
('emp106', '2024-05-26 15:00:00', '2024-06-09 15:00:00', '2024-06-09', 'exem106', 'c066', 'f01'),
('emp107', '2024-05-27 16:00:00', '2024-06-10 16:00:00', '2024-06-09', 'exem107', 'c067', 'f02'),
('emp108', '2024-05-28 17:00:00', '2024-06-11 17:00:00', '2024-06-11', 'exem108', 'c068', 'f03'),
('emp109', '2024-05-29 18:00:00', '2024-06-12 18:00:00', '2024-06-11', 'exem109', 'c069', 'f04'),
('emp110', '2024-05-30 09:00:00', '2024-06-13 09:00:00', '2024-06-10', 'exem110', 'c070', 'f05'),
('emp111', '2024-05-31 10:00:00', '2024-06-14 10:00:00', '2024-06-13', 'exem111', 'c071', 'f01'),
('emp112', '2024-06-01 11:00:00', '2024-06-15 11:00:00', '2024-06-15', 'exem112', 'c072', 'f02'),
('emp113', '2024-06-02 12:00:00', '2024-06-16 12:00:00', '2024-06-15', 'exem113', 'c073', 'f03'),
('emp114', '2024-06-03 13:00:00', '2024-06-17 13:00:00', '2024-06-16', 'exem114', 'c074', 'f04'),
('emp115', '2024-06-04 14:00:00', '2024-06-18 14:00:00', '2024-06-17', 'exem115', 'c075', 'f05'),
('emp116', '2024-06-05 15:00:00', '2024-06-19 15:00:00', '2024-06-19', 'exem116', 'c076', 'f01'),
('emp117', '2024-06-06 16:00:00', '2024-06-20 16:00:00', '2024-06-19', 'exem117', 'c077', 'f02'),
('emp118', '2024-06-07 17:00:00', '2024-06-21 17:00:00', '2024-06-21', 'exem118', 'c078', 'f03'),
('emp119', '2024-06-08 18:00:00', '2024-06-22 18:00:00', '2024-06-21', 'exem119', 'c079', 'f04'),
('emp120', '2024-06-09 09:00:00', '2024-06-23 09:00:00', '2024-06-20', 'exem120', 'c080', 'f05'),
('emp121', '2024-06-10 10:00:00', '2024-06-24 10:00:00', '2024-06-23', 'exem121', 'c001', 'f01'),
('emp122', '2024-06-11 11:00:00', '2024-06-25 11:00:00', '2024-06-24', 'exem122', 'c002', 'f02'),
('emp123', '2024-06-12 12:00:00', '2024-06-26 12:00:00', '2024-06-25', 'exem123', 'c003', 'f03'),
('emp124', '2024-06-13 13:00:00', '2024-06-27 13:00:00', '2024-06-26', 'exem124', 'c004', 'f04'),
('emp125', '2024-06-14 14:00:00', '2024-06-28 14:00:00', '2024-06-27', 'exem125', 'c005', 'f05'),
('emp126', '2024-06-15 15:00:00', '2024-06-29 15:00:00', '2024-06-28', 'exem126', 'c006', 'f01'),
('emp127', '2024-06-16 16:00:00', '2024-06-30 16:00:00', '2024-06-29', 'exem127', 'c007', 'f02'),
('emp128', '2024-06-17 17:00:00', '2024-07-01 17:00:00', '2024-06-30', 'exem128', 'c008', 'f03'),
('emp129', '2024-06-18 18:00:00', '2024-07-02 18:00:00', '2024-07-01', 'exem129', 'c009', 'f04'),
('emp130', '2024-06-19 09:00:00', '2024-07-03 09:00:00', '2024-07-02', 'exem010', 'c010', 'f05');

-- Novas entradas de Empréstimos para completar até 240
INSERT INTO Emprestimo_aluga (id, data_emprestimo, data_prevista_dev, data_devolucao, fk_exemplar, fk_cliente, fk_funcionario) VALUES
('emp131', '2024-06-20 10:00:00', '2024-07-04 10:00:00', NULL, 'exem131', 'c011', 'f06'),
('emp132', '2024-06-21 11:00:00', '2024-07-05 11:00:00', NULL, 'exem132', 'c012', 'f07'),
('emp133', '2024-06-22 12:00:00', '2024-07-06 12:00:00', NULL, 'exem133', 'c013', 'f08'),
('emp134', '2024-06-23 13:00:00', '2024-07-07 13:00:00', NULL, 'exem134', 'c014', 'f09'),
('emp135', '2024-06-24 14:00:00', '2024-07-08 14:00:00', NULL, 'exem135', 'c015', 'f10'),
('emp136', '2024-06-25 15:00:00', '2024-07-09 15:00:00', NULL, 'exem136', 'c016', 'f11'),
('emp137', '2024-06-26 16:00:00', '2024-07-10 16:00:00', NULL, 'exem137', 'c017', 'f12'),
('emp138', '2024-06-27 17:00:00', '2024-07-11 17:00:00', NULL, 'exem138', 'c018', 'f13'),
('emp139', '2024-06-28 18:00:00', '2024-07-12 18:00:00', NULL, 'exem139', 'c019', 'f14'),
('emp140', '2024-06-29 09:00:00', '2024-07-13 09:00:00', NULL, 'exem140', 'c020', 'f15'),
('emp141', '2024-06-30 10:00:00', '2024-07-14 10:00:00', NULL, 'exem141', 'c021', 'f16'),
('emp142', '2024-07-01 11:00:00', '2024-07-15 11:00:00', NULL, 'exem142', 'c022', 'f17'),
('emp143', '2024-07-02 12:00:00', '2024-07-16 12:00:00', NULL, 'exem143', 'c023', 'f18'),
('emp144', '2024-07-03 13:00:00', '2024-07-17 13:00:00', NULL, 'exem144', 'c024', 'f19'),
('emp145', '2024-07-04 14:00:00', '2024-07-18 14:00:00', NULL, 'exem145', 'c025', 'f20'),
('emp146', '2024-07-05 15:00:00', '2024-07-19 15:00:00', NULL, 'exem146', 'c026', 'f06'),
('emp147', '2024-07-06 16:00:00', '2024-07-20 16:00:00', NULL, 'exem147', 'c027', 'f07'),
('emp148', '2024-07-07 17:00:00', '2024-07-21 17:00:00', NULL, 'exem148', 'c028', 'f08'),
('emp149', '2024-07-08 18:00:00', '2024-07-22 18:00:00', NULL, 'exem149', 'c029', 'f09'),
('emp150', '2024-07-09 09:00:00', '2024-07-23 09:00:00', NULL, 'exem150', 'c030', 'f10'),
('emp151', '2024-07-10 10:00:00', '2024-07-24 10:00:00', NULL, 'exem151', 'c031', 'f11'),
('emp152', '2024-07-11 11:00:00', '2024-07-25 11:00:00', NULL, 'exem152', 'c032', 'f12'),
('emp153', '2024-07-12 12:00:00', '2024-07-26 12:00:00', NULL, 'exem153', 'c033', 'f13'),
('emp154', '2024-07-13 13:00:00', '2024-07-27 13:00:00', NULL, 'exem154', 'c034', 'f14'),
('emp155', '2024-07-14 14:00:00', '2024-07-28 14:00:00', NULL, 'exem155', 'c035', 'f15'),
('emp156', '2024-07-15 15:00:00', '2024-07-29 15:00:00', NULL, 'exem156', 'c036', 'f16'),
('emp157', '2024-07-16 16:00:00', '2024-07-30 16:00:00', NULL, 'exem157', 'c037', 'f17'),
('emp158', '2024-07-17 17:00:00', '2024-07-31 17:00:00', NULL, 'exem158', 'c038', 'f18'),
('emp159', '2024-07-18 18:00:00', '2024-08-01 18:00:00', NULL, 'exem159', 'c039', 'f19'),
('emp160', '2024-07-19 09:00:00', '2024-08-02 09:00:00', NULL, 'exem160', 'c040', 'f20'),
('emp161', '2024-07-20 10:00:00', '2024-08-03 10:00:00', NULL, 'exem161', 'c041', 'f06'),
('emp162', '2024-07-21 11:00:00', '2024-08-04 11:00:00', NULL, 'exem162', 'c042', 'f07'),
('emp163', '2024-07-22 12:00:00', '2024-08-05 12:00:00', NULL, 'exem163', 'c043', 'f08'),
('emp164', '2024-07-23 13:00:00', '2024-08-06 13:00:00', NULL, 'exem164', 'c044', 'f09'),
('emp165', '2024-07-24 14:00:00', '2024-08-07 14:00:00', NULL, 'exem165', 'c045', 'f10'),
('emp166', '2024-07-25 15:00:00', '2024-08-08 15:00:00', NULL, 'exem166', 'c046', 'f11'),
('emp167', '2024-07-26 16:00:00', '2024-08-09 16:00:00', NULL, 'exem167', 'c047', 'f12'),
('emp168', '2024-07-27 17:00:00', '2024-08-10 17:00:00', NULL, 'exem168', 'c048', 'f13'),
('emp169', '2024-07-28 18:00:00', '2024-08-11 18:00:00', NULL, 'exem169', 'c049', 'f14'),
('emp170', '2024-07-29 09:00:00', '2024-08-12 09:00:00', NULL, 'exem170', 'c050', 'f15'),
('emp171', '2024-07-30 10:00:00', '2024-08-13 10:00:00', NULL, 'exem171', 'c051', 'f16'),
('emp172', '2024-07-31 11:00:00', '2024-08-14 11:00:00', NULL, 'exem172', 'c052', 'f17'),
('emp173', '2024-08-01 12:00:00', '2024-08-15 12:00:00', NULL, 'exem173', 'c053', 'f18'),
('emp174', '2024-08-02 13:00:00', '2024-08-16 13:00:00', NULL, 'exem174', 'c054', 'f19'),
('emp175', '2024-08-03 14:00:00', '2024-08-17 14:00:00', NULL, 'exem175', 'c055', 'f20'),
('emp176', '2024-08-04 15:00:00', '2024-08-18 15:00:00', NULL, 'exem176', 'c056', 'f06'),
('emp177', '2024-08-05 16:00:00', '2024-08-19 16:00:00', NULL, 'exem177', 'c057', 'f07'),
('emp178', '2024-08-06 17:00:00', '2024-08-20 17:00:00', NULL, 'exem178', 'c058', 'f08'),
('emp179', '2024-08-07 18:00:00', '2024-08-21 18:00:00', NULL, 'exem179', 'c059', 'f09'),
('emp180', '2024-08-08 09:00:00', '2024-08-22 09:00:00', NULL, 'exem180', 'c060', 'f10'),
('emp181', '2024-08-09 10:00:00', '2024-08-23 10:00:00', NULL, 'exem181', 'c061', 'f11'),
('emp182', '2024-08-10 11:00:00', '2024-08-24 11:00:00', NULL, 'exem182', 'c062', 'f12'),
('emp183', '2024-08-11 12:00:00', '2024-08-25 12:00:00', NULL, 'exem183', 'c063', 'f13'),
('emp184', '2024-08-12 13:00:00', '2024-08-26 13:00:00', NULL, 'exem184', 'c064', 'f14'),
('emp185', '2024-08-13 14:00:00', '2024-08-27 14:00:00', NULL, 'exem185', 'c065', 'f15'),
('emp186', '2024-08-14 15:00:00', '2024-08-28 15:00:00', NULL, 'exem186', 'c066', 'f16'),
('emp187', '2024-08-15 16:00:00', '2024-08-29 16:00:00', NULL, 'exem187', 'c067', 'f17'),
('emp188', '2024-08-16 17:00:00', '2024-08-30 17:00:00', NULL, 'exem188', 'c068', 'f18'),
('emp189', '2024-08-17 18:00:00', '2024-08-31 18:00:00', NULL, 'exem189', 'c069', 'f19'),
('emp190', '2024-08-18 09:00:00', '2024-09-01 09:00:00', NULL, 'exem190', 'c070', 'f20'),
('emp191', '2024-08-19 10:00:00', '2024-09-02 10:00:00', NULL, 'exem191', 'c071', 'f06'),
('emp192', '2024-08-20 11:00:00', '2024-09-03 11:00:00', NULL, 'exem192', 'c072', 'f07'),
('emp193', '2024-08-21 12:00:00', '2024-09-04 12:00:00', NULL, 'exem193', 'c073', 'f08'),
('emp194', '2024-08-22 13:00:00', '2024-09-05 13:00:00', NULL, 'exem194', 'c074', 'f09'),
('emp195', '2024-08-23 14:00:00', '2024-09-06 14:00:00', NULL, 'exem195', 'c075', 'f10'),
('emp196', '2024-08-24 15:00:00', '2024-09-07 15:00:00', NULL, 'exem196', 'c076', 'f11'),
('emp197', '2024-08-25 16:00:00', '2024-09-08 16:00:00', NULL, 'exem197', 'c077', 'f12'),
('emp198', '2024-08-26 17:00:00', '2024-09-09 17:00:00', NULL, 'exem198', 'c078', 'f13'),
('emp199', '2024-08-27 18:00:00', '2024-09-10 18:00:00', NULL, 'exem199', 'c079', 'f14'),
('emp200', '2024-08-28 09:00:00', '2024-09-11 09:00:00', NULL, 'exem200', 'c080', 'f15'),
('emp201', '2024-08-29 10:00:00', '2024-09-12 10:00:00', NULL, 'exem201', 'c001', 'f16'),
('emp202', '2024-08-30 11:00:00', '2024-09-13 11:00:00', NULL, 'exem202', 'c002', 'f17'),
('emp203', '2024-08-31 12:00:00', '2024-09-14 12:00:00', NULL, 'exem203', 'c003', 'f18'),
('emp204', '2024-09-01 13:00:00', '2024-09-15 13:00:00', NULL, 'exem204', 'c004', 'f19'),
('emp205', '2024-09-02 14:00:00', '2024-09-16 14:00:00', NULL, 'exem205', 'c005', 'f20'),
('emp206', '2024-09-03 15:00:00', '2024-09-17 15:00:00', NULL, 'exem206', 'c006', 'f06'),
('emp207', '2024-09-04 16:00:00', '2024-09-18 16:00:00', NULL, 'exem207', 'c007', 'f07'),
('emp208', '2024-09-05 17:00:00', '2024-09-19 17:00:00', NULL, 'exem208', 'c008', 'f08'),
('emp209', '2024-09-06 18:00:00', '2024-09-20 18:00:00', NULL, 'exem209', 'c009', 'f09'),
('emp210', '2024-09-07 09:00:00', '2024-09-21 09:00:00', NULL, 'exem210', 'c010', 'f10'),
('emp211', '2024-09-08 10:00:00', '2024-09-22 10:00:00', NULL, 'exem211', 'c011', 'f11'),
('emp212', '2024-09-09 11:00:00', '2024-09-23 11:00:00', NULL, 'exem212', 'c012', 'f12'),
('emp213', '2024-09-10 12:00:00', '2024-09-24 12:00:00', NULL, 'exem213', 'c013', 'f13'),
('emp214', '2024-09-11 13:00:00', '2024-09-25 13:00:00', NULL, 'exem214', 'c014', 'f14'),
('emp215', '2024-09-12 14:00:00', '2024-09-26 14:00:00', NULL, 'exem215', 'c015', 'f15'),
('emp216', '2024-09-13 15:00:00', '2024-09-27 15:00:00', NULL, 'exem216', 'c016', 'f16'),
('emp217', '2024-09-14 16:00:00', '2024-09-28 16:00:00', NULL, 'exem217', 'c017', 'f17'),
('emp218', '2024-09-15 17:00:00', '2024-09-29 17:00:00', NULL, 'exem218', 'c018', 'f18'),
('emp219', '2024-09-16 18:00:00', '2024-09-30 18:00:00', NULL, 'exem219', 'c019', 'f19'),
('emp220', '2024-09-17 09:00:00', '2024-10-01 09:00:00', NULL, 'exem220', 'c020', 'f20'),
('emp221', '2024-09-18 10:00:00', '2024-10-02 10:00:00', NULL, 'exem221', 'c021', 'f06'),
('emp222', '2024-09-19 11:00:00', '2024-10-03 11:00:00', NULL, 'exem222', 'c022', 'f07'),
('emp223', '2024-09-20 12:00:00', '2024-10-04 12:00:00', NULL, 'exem223', 'c023', 'f08'),
('emp224', '2024-09-21 13:00:00', '2024-10-05 13:00:00', NULL, 'exem224', 'c024', 'f09'),
('emp225', '2024-09-22 14:00:00', '2024-10-06 14:00:00', NULL, 'exem225', 'c025', 'f10'),
('emp226', '2024-09-23 15:00:00', '2024-10-07 15:00:00', NULL, 'exem226', 'c026', 'f11'),
('emp227', '2024-09-24 16:00:00', '2024-10-08 16:00:00', NULL, 'exem227', 'c027', 'f12'),
('emp228', '2024-09-25 17:00:00', '2024-10-09 17:00:00', NULL, 'exem228', 'c028', 'f13'),
('emp229', '2024-09-26 18:00:00', '2024-10-10 18:00:00', NULL, 'exem229', 'c029', 'f14'),
('emp230', '2024-09-27 09:00:00', '2024-10-11 09:00:00', NULL, 'exem230', 'c030', 'f15'),
('emp231', '2024-09-28 10:00:00', '2024-10-12 10:00:00', NULL, 'exem231', 'c031', 'f16'),
('emp232', '2024-09-29 11:00:00', '2024-10-13 11:00:00', NULL, 'exem232', 'c032', 'f17'),
('emp233', '2024-09-30 12:00:00', '2024-10-14 12:00:00', NULL, 'exem233', 'c033', 'f18'),
('emp234', '2024-10-01 13:00:00', '2024-10-15 13:00:00', NULL, 'exem234', 'c034', 'f19'),
('emp235', '2024-10-02 14:00:00', '2024-10-16 14:00:00', NULL, 'exem235', 'c035', 'f20'),
('emp236', '2024-10-03 15:00:00', '2024-10-17 15:00:00', NULL, 'exem236', 'c036', 'f06'),
('emp237', '2024-10-04 16:00:00', '2024-10-18 16:00:00', NULL, 'exem237', 'c037', 'f07'),
('emp238', '2024-10-05 17:00:00', '2024-10-19 17:00:00', NULL, 'exem238', 'c038', 'f08'),
('emp239', '2024-10-06 18:00:00', '2024-10-20 18:00:00', NULL, 'exem239', 'c039', 'f09'),
('emp240', '2024-10-07 09:00:00', '2024-10-21 09:00:00', NULL, 'exem240', 'c040', 'f10');

-- Adicionando dados para Telefone (vinculando a Pessoas)
INSERT IGNORE INTO Telefone (telefone_pk, numero, fk_Pessoa_id) VALUES
('tel001', '81987654321', 'p001'),
('tel002', '81987654322', 'p002'),
('tel003', '81987654323', 'p003'),
('tel004', '81987654324', 'p004'),
('tel005', '81987654325', 'p005'),
('tel006', '81987654326', 'p006'),
('tel007', '81987654327', 'p007'),
('tel008', '81987654328', 'p008'),
('tel009', '81987654329', 'p009'),
('tel010', '81987654330', 'p010'),
('tel011', '81987654331', 'p011'),
('tel012', '81987654332', 'p012'),
('tel013', '81987654333', 'p013'),
('tel014', '81987654334', 'p014'),
('tel015', '81987654335', 'p015'),
('tel016', '81987654336', 'p016'),
('tel017', '81987654337', 'p017'),
('tel018', '81987654338', 'p018'),
('tel019', '81987654339', 'p019'),
('tel020', '81987654340', 'p020'),
('tel021', '81987654341', 'p021'),
('tel022', '81987654342', 'p022'),
('tel023', '81987654343', 'p023'),
('tel024', '81987654344', 'p024'),
('tel025', '81987654345', 'p025'),
('tel026', '81987654346', 'p026'),
('tel027', '81987654347', 'p027'),
('tel028', '81987654348', 'p028'),
('tel029', '81987654349', 'p029'),
('tel030', '81987654350', 'p030'),
('tel031', '81987654351', 'p031'),
('tel032', '81987654352', 'p032'),
('tel033', '81987654353', 'p033'),
('tel034', '81987654354', 'p034'),
('tel035', '81987654355', 'p035'),
('tel036', '81987654356', 'p036'),
('tel037', '81987654357', 'p037'),
('tel038', '81987654358', 'p038'),
('tel039', '81987654359', 'p039'),
('tel040', '81987654360', 'p040'),
('tel041', '81987654361', 'p041'),
('tel042', '81987654362', 'p042'),
('tel043', '81987654363', 'p043'),
('tel044', '81987654364', 'p044'),
('tel045', '81987654365', 'p045'),
('tel046', '81987654366', 'p046'),
('tel047', '81987654367', 'p047'),
('tel048', '81987654368', 'p048'),
('tel049', '81987654369', 'p049'),
('tel050', '81987654370', 'p050'),
('tel051', '81987654371', 'p051'),
('tel052', '81987654372', 'p052'),
('tel053', '81987654373', 'p053'),
('tel054', '81987654374', 'p054'),
('tel055', '81987654375', 'p055'),
('tel056', '81987654376', 'p056'),
('tel057', '81987654377', 'p057'),
('tel058', '81987654378', 'p058'),
('tel059', '81987654379', 'p059'),
('tel060', '81987654380', 'p060'),
('tel061', '81987654381', 'p061'),
('tel062', '81987654382', 'p062'),
('tel063', '81987654383', 'p063'),
('tel064', '81987654384', 'p064'),
('tel065', '81987654385', 'p065'),
('tel066', '81987654386', 'p066'),
('tel067', '81987654387', 'p067'),
('tel068', '81987654388', 'p068'),
('tel069', '81987654389', 'p069'),
('tel070', '81987654390', 'p070'),
('tel071', '81987654391', 'p071'),
('tel072', '81987654392', 'p072'),
('tel073', '81987654393', 'p073'),
('tel074', '81987654394', 'p074'),
('tel075', '81987654395', 'p075'),
('tel076', '81987654396', 'p076'),
('tel077', '81987654397', 'p077'),
('tel078', '81987654398', 'p078'),
('tel079', '81987654399', 'p079'),
('tel080', '81987654400', 'p080'),
('tel081', '81987654401', 'p081'),
('tel082', '81987654402', 'p082'),
('tel083', '81987654403', 'p083'),
('tel084', '81987654404', 'p084'),
('tel085', '81987654405', 'p085'),
('tel086', '81987654406', 'p086'),
('tel087', '81987654407', 'p087'),
('tel088', '81987654408', 'p088'),
('tel089', '81987654409', 'p089'),
('tel090', '81987654410', 'p090'),
('tel091', '81987654411', 'p091'),
('tel092', '81987654412', 'p092'),
('tel093', '81987654413', 'p093'),
('tel094', '81987654414', 'p094'),
('tel095', '81987654415', 'p095'),
('tel096', '81987654416', 'p096'),
('tel097', '81987654417', 'p097'),
('tel098', '81987654418', 'p098'),
('tel099', '81987654419', 'p099'),
('tel100', '81987654420', 'p100');

-- Vinculando Autor a Obra (tabela Escreve)
INSERT IGNORE INTO Escreve (fk_Autor_id, fk_Obra_cod_barras) VALUES
('aut01', 'obra004'), ('aut01', 'obra005'),
('aut02', 'obra001'), ('aut02', 'obra002'), ('aut02', 'obra003'),
('aut03', 'obra007'),
('aut04', 'obra071'), ('aut04', 'obra072'),
('aut05', 'obra053'),
('aut06', 'obra018'),
('aut07', 'obra006'),
('aut08', 'obra008'),
('aut09', 'obra009'),
('aut10', 'obra010'),
('aut11', 'obra017'),
('aut12', 'obra019'),
('aut13', 'obra021'),
('aut14', 'obra022'), ('aut14', 'obra023'),
('aut15', 'obra024'),
('aut16', 'obra025'),
('aut17', 'obra011'), ('aut17', 'obra029'),
('aut18', 'obra020'), ('aut18', 'obra065'), ('aut18', 'obra066'), ('aut18', 'obra067'), ('aut18', 'obra068'), ('aut18', 'obra069'), ('aut18', 'obra070'),
('aut19', 'obra021'),
('aut20', 'obra022'), ('aut20', 'obra023'),
('aut01', 'obra111'), ('aut01', 'obra112'),
('aut02', 'obra117'), ('aut02', 'obra118'), ('aut02', 'obra119'),
('aut03', 'obra135'),
('aut04', 'obra145'),
('aut05', 'obra123'),
('aut06', 'obra115'),
('aut07', 'obra126'),
('aut08', 'obra130'),
('aut09', 'obra131'),
('aut10', 'obra132'),
('aut11', 'obra133'),
('aut12', 'obra134'),
('aut13', 'obra136'),
('aut14', 'obra137'),
('aut15', 'obra138'),
('aut16', 'obra139'),
('aut17', 'obra140'),
('aut18', 'obra141'),
('aut19', 'obra142'),
('aut20', 'obra143'),
('aut01', 'obra001'), ('aut02', 'obra004'), ('aut03', 'obra007'), ('aut04', 'obra011'), ('aut05', 'obra013'),
('aut06', 'obra015'), ('aut07', 'obra017'), ('aut08', 'obra020'), ('aut09', 'obra025'), ('aut10', 'obra030'),
('aut11', 'obra034'), ('aut12', 'obra035'), ('aut13', 'obra040'), ('aut14', 'obra045'), ('aut15', 'obra050'),
('aut16', 'obra055'), ('aut17', 'obra060'), ('aut18', 'obra065'), ('aut19', 'obra070'), ('aut20', 'obra075');


-- Vinculando Obra a Editora (tabela Publica)
INSERT IGNORE INTO Publica (fk_Obra_cod_barras, fk_Editora_id) VALUES
('obra001', 'eda01'), ('obra002', 'eda01'), ('obra003', 'eda01'), ('obra004', 'eda02'),
('obra005', 'eda02'), ('obra006', 'eda03'), ('obra007', 'eda03'), ('obra008', 'eda04'),
('obra009', 'eda04'), ('obra010', 'eda05'), ('obra011', 'eda06'), ('obra012', 'eda06'),
('obra013', 'eda07'), ('obra014', 'eda07'), ('obra015', 'eda08'), ('obra016', 'eda08'),
('obra017', 'eda09'), ('obra018', 'eda09'), ('obra019', 'eda10'), ('obra020', 'eda10'),
('obra021', 'eda01'), ('obra022', 'eda02'), ('obra023', 'eda03'), ('obra024', 'eda04'),
('obra025', 'eda05'), ('obra026', 'eda06'), ('obra027', 'eda07'), ('obra028', 'eda08'),
('obra029', 'eda09'), ('obra030', 'eda10'), ('obra031', 'eda01'), ('obra032', 'eda02'),
('obra033', 'eda03'), ('obra034', 'eda04'), ('obra035', 'eda05'), ('obra036', 'eda06'),
('obra037', 'eda07'), ('obra038', 'eda08'), ('obra039', 'eda09'), ('obra040', 'eda10'),
('obra041', 'eda01'), ('obra042', 'eda02'), ('obra043', 'eda03'), ('obra044', 'eda04'),
('obra045', 'eda05'), ('obra046', 'eda06'), ('obra047', 'eda07'), ('obra048', 'eda08'),
('obra049', 'eda09'), ('obra050', 'eda10'), ('obra051', 'eda01'), ('obra052', 'eda02'),
('obra053', 'eda03'), ('obra054', 'eda04'), ('obra055', 'eda05'), ('obra056', 'eda06'),
('obra057', 'eda07'), ('obra058', 'eda08'), ('obra059', 'eda09'), ('obra060', 'eda10'),
('obra061', 'eda01'), ('obra062', 'eda02'), ('obra063', 'eda03'), ('obra064', 'eda04'),
('obra065', 'eda05'), ('obra066', 'eda06'), ('obra067', 'eda07'), ('obra068', 'eda08'),
('obra069', 'eda09'), ('obra070', 'eda10'), ('obra071', 'eda01'), ('obra072', 'eda02'),
('obra073', 'eda03'), ('obra074', 'eda04'), ('obra075', 'eda05'), ('obra076', 'eda06'),
('obra077', 'eda07'), ('obra078', 'eda08'), ('obra079', 'eda09'), ('obra080', 'eda10'),
('obra081', 'eda01'), ('obra082', 'eda02'), ('obra083', 'eda03'), ('obra084', 'eda04'),
('obra085', 'eda05'), ('obra086', 'eda06'), ('obra087', 'eda07'), ('obra088', 'eda08'),
('obra089', 'eda09'), ('obra090', 'eda10'), ('obra091', 'eda01'), ('obra092', 'eda02'),
('obra093', 'eda03'), ('obra094', 'eda04'), ('obra095', 'eda05'), ('obra096', 'eda06'),
('obra097', 'eda07'), ('obra098', 'eda08'), ('obra099', 'eda09'), ('obra100', 'eda10'),
('obra101', 'eda01'), ('obra102', 'eda02'), ('obra103', 'eda03'), ('obra104', 'eda04'),
('obra105', 'eda05'), ('obra106', 'eda06'), ('obra107', 'eda07'), ('obra108', 'eda08'),
('obra109', 'eda09'), ('obra110', 'eda10'), ('obra111', 'eda01'), ('obra112', 'eda02'),
('obra113', 'eda03'), ('obra114', 'eda04'), ('obra115', 'eda05'), ('obra116', 'eda06'),
('obra117', 'eda07'), ('obra118', 'eda08'), ('obra119', 'eda09'), ('obra120', 'eda10'),
('obra121', 'eda01'), ('obra122', 'eda02'), ('obra123', 'eda03'), ('obra124', 'eda04'),
('obra125', 'eda05'), ('obra126', 'eda06'), ('obra127', 'eda07'), ('obra128', 'eda08'),
('obra129', 'eda09'), ('obra130', 'eda10'), ('obra131', 'eda01'), ('obra132', 'eda02'),
('obra133', 'eda03'), ('obra134', 'eda04'), ('obra135', 'eda05'), ('obra136', 'eda06'),
('obra137', 'eda07'), ('obra138', 'eda08'), ('obra139', 'eda09'), ('obra140', 'eda10'),
('obra141', 'eda01'), ('obra142', 'eda02'), ('obra143', 'eda03'), ('obra144', 'eda04'),
('obra145', 'eda05'), ('obra146', 'eda06'), ('obra147', 'eda07'), ('obra148', 'eda08'),
('obra149', 'eda09'), ('obra150', 'eda10');